{"cameras": [{"R": [[1.0000000000000007, -1.8057125987721256e-16, -9.826778235005514e-17], [-1.8057125987721256e-16, 1.0000000000000004, 3.280247323717229e-17], [-9.826778235005514e-17, 3.280247323717229e-17, 1.0000000000000002]], "t": [[0.0], [0.0], [0.0]], "name": "abretesesamo"}, {"R": [[-0.6905279231579399, 0.040307166609718524, -0.7221817774349334], [0.2332404034364674, 0.9575192762148196, -0.16957520420699035], [0.6846678768161807, -0.28553838270352516, -0.6705950569897445]], "t": [[0.0], [0.0], [0.0]], "name": "ervilhamigalhas"}, {"R": [[-0.5538568025415741, 0.015085839373873351, 0.8324752607307981], [-0.06310408333038119, 0.9961995081682529, -0.06003677699847216], [-0.8302171504765827, -0.08578436556691253, -0.5507998962225995]], "t": [[0.0], [0.0], [0.0]], "name": "fernando"}]}