{"cameras": [{"R": [[1.0, 0.0, 0.0], [0.0, 1.0, 0.0], [0.0, 0.0, 1.0]], "t": [0.0, 0.0, 0.0], "name": "ervilhamigalhas"}, {"R": [[-0.21018761301681477, 0.15849563985399842, -0.9647280961398216], [0.13130993792289017, 0.9824073264478091, 0.13279135944915615], [0.968802801160783, -0.09876728754471252, -0.2273019035865733]], "t": [-1.6787862609945503, 0.3868454822988568, -0.8867394209046627], "name": "fernando"}]}