{"cameras": [{"R": [[1.0, 0.0, 0.0], [0.0, 1.0, 0.0], [0.0, 0.0, 1.0]], "t": [0.0, 0.0, 0.0], "name": "ervilhamigalhas"}, {"R": [[-0.21877269589618467, 0.10535096060477227, -0.9700719986835864], [0.5829643306355712, 0.8113400010082359, -0.04335887418484608], [0.7824903173438871, -0.5750031111773297, -0.23891489153975995]], "t": [-0.6583261652319266, 0.2747301154578125, 0.6682092275435985], "name": "abretesesamo"}]}