{"cameras": [{"R": [[1.0, 0.0, 0.0], [0.0, 1.0, 0.0], [0.0, 0.0, 1.0]], "t": [0.0, 0.0, 0.0], "name": "ervilhamigalhas"}, {"R": [[-0.6855929866645019, 0.03798026654354651, -0.7269936423310241], [0.22794549203907422, 0.9596205236959432, -0.1648311352887807], [0.6913776893243753, -0.2787219938483598, -0.6665665314502988]], "t": [1.0439913706279673, -0.0034209206942188287, 1.6741763338539564], "name": "abretesesamo"}]}