{"cameras": [{"R": [[0.9999999999999991, -2.5046039185460874e-16, -9.796969695525423e-17], [-2.5046039185460874e-16, 0.9999999999999992, 1.3729760634829628e-16], [-9.796969695525423e-17, 1.3729760634829628e-16, 0.9999999999999999]], "t": [[0.20429799726788264], [-0.10746604352252213], [-0.428653939904062]], "name": "ervilhamigalhas"}, {"R": [[-0.21592056085086203, 0.13514454510213175, -0.9670130626475458], [0.6502983911172272, 0.7586681130207775, -0.039175206391773985], [0.7283476600581589, -0.6373057713646019, -0.2516963247112974]], "t": [[0.6757634709054939], [0.07533838536344445], [0.4021088302367616]], "name": "abretesesamo"}, {"R": [[0.19848121631282567, 0.11407200264260393, 0.9734437759748046], [-0.6428084438661014, 0.7649057124648533, 0.04143133515921582], [-0.7398665496327171, -0.633961220621372, 0.22514586268203493]], "t": [[-0.8800614681733767], [0.03212765815907795], [0.026545109667300087]], "name": "fernando"}]}