{"cameras": [{"R": [[1.0, 0.0, 0.0], [0.0, 1.0, 0.0], [0.0, 0.0, 1.0]], "t": [0.0, 0.0, 0.0], "name": "ervilhamigalhas"}, {"R": [[0.9985903346863129, 0.05263036370591365, 0.00688391511139858], [-0.05249398420164317, 0.9984464503401442, -0.018683346215368383], [-0.007856531913976925, 0.018295644819161915, 0.9998017524924305]], "t": [-0.17067787066365517, 0.07360494723973639, -0.1016881616622855], "name": "abretesesamo"}]}