{"cameras": [{"R": [[1.0000000000000002, -1.4093510876874318e-17, -1.4872549574181023e-16], [-1.4093510876874318e-17, 1.0, -1.640821122867582e-16], [-1.4872549574181023e-16, -1.640821122867582e-16, 1.0000000000000002]], "t": [[-0.020612111404118984], [0.004441822696909471], [-0.7785060904828787]], "name": "abretesesamo"}, {"R": [[-0.9998473147655712, -0.000512721520681601, -0.017466661750859282], [-0.0003325234174747803, 0.9999467124150934, -0.010318030743465125], [0.017471021271051435, -0.01031064725846485, -0.9997942058088044]], "t": [[0.020612111404118984], [-0.004441822696909592], [0.778506090482879]], "name": "fernando"}]}