{"cameras": [{"R": [[1.0, 1.438478017482794e-17, 1.7557048186326195e-16], [1.438478017482794e-17, 0.9999999999999997, -3.492915158761528e-16], [1.7557048186326195e-16, -3.492915158761528e-16, 1.0000000000000002]], "t": [[0.02467895386536728], [-0.1130477033265272], [0.4552081721038369]], "name": "ervilhamigalhas"}, {"R": [[-0.30440704699919374, -0.08126888454240305, 0.9490688690197696], [0.5340484269172906, 0.8104685593806091, 0.24069273350620166], [-0.7887513089969478, 0.5801173007769664, -0.20331082089954888]], "t": [[-0.7759240056333897], [-0.17563959609461757], [-0.09740377999519584]], "name": "abretesesamo"}, {"R": [[0.29689703709107845, -0.06791916703790274, -0.9524910162911857], [-0.6463496340310647, 0.7199446333946778, -0.25280798134970195], [0.7029113030492878, 0.690700160413388, 0.16984989976585943]], "t": [[0.7512450517680224], [0.2886872994211445], [-0.35780439210864146]], "name": "fernando"}]}