{"cameras": [{"R": [[-0.9883918730523882, 0.042792938976299044, 0.14577472228669225], [0.05436453556280252, 0.9955984336122842, 0.07634301711228725], [-0.1418661430963441, 0.08338179275199642, -0.9863678188588831]], "t": [-0.05368523875924633, 0.002649562556925825, 1.7331544287052374], "name": "ervilhamigalhas"}, {"R": [[1.0, 0.0, 0.0], [0.0, 1.0, 0.0], [0.0, 0.0, 1.0]], "t": [0.0, 0.0, 0.0], "name": "abretesesamo"}]}