{"cameras": [{"R": [[1.0000000000000002, 2.539915098575281e-16, 8.607143253175836e-17], [2.539915098575281e-16, 1.0000000000000007, -1.9299870286108026e-17], [8.607143253175836e-17, -1.9299870286108026e-17, 1.0000000000000002]], "t": [[0.627456157299897], [0.0182346371313544], [-0.7322512909892943]], "name": "fernando"}, {"R": [[-0.21108611222966953, 0.1326244080674686, 0.9684283244559286], [0.15683040721418998, 0.9825122118130638, -0.10036920350004727], [-0.9648040612460104, 0.13069246352776526, -0.228194222933555]], "t": [[-0.6274561572998968], [-0.01823463713135463], [0.7322512909892942]], "name": "ervilhamigalhas"}]}