{"cameras": [{"R": [[0.9999999999999999, 6.047648114864497e-17, -3.395230160248092e-16], [6.047648114864497e-17, 0.9999999999999997, -1.255500435954365e-16], [-3.395230160248092e-16, -1.255500435954365e-16, 0.9999999999999996]], "t": [[-0.22950430759290558], [-0.11034975923324736], [-1.1079426044996445]], "name": "ervilhamigalhas"}, {"R": [[-0.740748206406912, 0.21319632821466147, 0.6370552725947172], [0.0960659154597876, 0.9721764608344613, -0.21364519392266776], [-0.6648785111520864, -0.09705799624537681, -0.7406188701167539]], "t": [[-0.631376529406469], [0.2438823211815953], [0.7111818809846147]], "name": "abretesesamo"}, {"R": [[-0.2603528504308189, 0.1487428342061013, -0.9539874016698984], [0.12156138076847806, 0.9852495141866413, 0.12044179299831452], [0.9578304776828773, -0.08461066166461577, -0.27459390370958175]], "t": [[0.8608808369993745], [-0.13353256194834745], [0.39676072351503006]], "name": "fernando"}]}