{"cameras": [{"R": [[1.0, -1.3770800021645445e-16, 6.54731726833212e-18], [-1.3770800021645445e-16, 1.0000000000000004, 7.403725689656972e-17], [6.54731726833212e-18, 7.403725689656972e-17, 1.0000000000000004]], "t": [[-0.22184986452797523], [-0.12911847982546035], [-1.0981961825882292]], "name": "ervilhamigalhas"}, {"R": [[-0.6788989669156944, 0.2317001809988779, 0.6967145892299736], [0.04950463901321433, 0.9611883904133015, -0.27141512273795393], [-0.7325609076636392, -0.14977284219702358, -0.664020039082595]], "t": [[-0.6789977931604093], [0.26617854623145926], [0.7036266328421824]], "name": "abretesesamo"}, {"R": [[-0.1989058876930635, 0.15814186050852327, -0.9671750616077404], [0.14399634425416916, 0.9808994358976387, 0.13077212813566008], [0.9693820199913288, -0.11325832689298085, -0.21787852282162548]], "t": [[0.9008476576883848], [-0.1370600664059979], [0.39456954974604574]], "name": "fernando"}]}