{"cameras": [{"R": [[1.0000000000000004, -3.7802719127542816e-16, -1.9536454581331252e-16], [-3.7802719127542816e-16, 1.0000000000000002, -2.6265738106666033e-16], [-1.9536454581331252e-16, -2.6265738106666033e-16, 1.0]], "t": [[0.2025090975210648], [-0.10891152094825277], [-0.4287895215680477]], "name": "ervilhamigalhas"}, {"R": [[-0.21514625654625189, 0.13159723629674897, -0.9676746641786135], [0.6502494115664365, 0.7585914705914085, -0.04140873704264865], [0.7286204711999502, -0.6381388157329266, -0.24877914061138762]], "t": [[0.6773567357477477], [0.0736896875316514], [0.4018277858072577]], "name": "abretesesamo"}, {"R": [[0.19621061060072786, 0.11530965971415334, 0.9737582239263993], [-0.6431888327127893, 0.7647113803150941, 0.03904651444293758], [-0.7401415552184922, -0.6339717558323791, 0.2242103722970048]], "t": [[-0.8798658332688125], [0.035221833416601525], [0.026961735760789945]], "name": "fernando"}]}