{"cameras": [{"R": [[0.9999999999999999, 3.7990444123892075e-16, -2.7755575615628914e-17], [3.7990444123892075e-16, 0.9999999999999997, -5.377642775528102e-17], [-2.7755575615628914e-17, -5.377642775528102e-17, 1.0000000000000002]], "t": [[0.03645638690650918], [-0.07893751333326453], [-0.22250046928448752]], "name": "fernando"}, {"R": [[0.9888933732520083, 0.13627084870624626, -0.05933086996786546], [-0.1262083764176381, 0.9807486115760194, 0.14900874676921894], [0.07849421673147673, -0.13986570946657756, 0.9870543253819027]], "t": [[-0.019026161143104306], [0.20220136004906736], [0.22879262176358905]], "name": "ervilhamigalhas"}, {"R": [[0.9990329012607745, 0.03041639473728075, -0.031750671326219365], [-0.02307180093385572, 0.9773575761333179, 0.21033273729135488], [0.03742932273162594, -0.20939677959794784, 0.9771141358581711]], "t": [[-0.017430225763404902], [-0.12326384671580282], [-0.006292152479101504]], "name": "abretesesamo"}]}