{"cameras": [{"R": [[-0.0477400619890454, 0.13499592509829023, -0.9896954009634171], [0.17752848899449933, 0.9761970357279235, 0.12459126386446506], [0.9829570296185954, -0.1697511344376578, -0.07056932960228776]], "t": [1.4591245031999647, -0.13575116885709848, 1.3122695386081973], "name": "ervilhamigalhas"}, {"R": [[1.0, 0.0, 0.0], [0.0, 1.0, 0.0], [0.0, 0.0, 1.0]], "t": [0.0, 0.0, 0.0], "name": "abretesesamo"}]}