{"cameras": [{"R": [[1.0, 0.0, 0.0], [0.0, 1.0, 0.0], [0.0, 0.0, 1.0]], "t": [0.0, 0.0, 0.0], "name": "fernando"}, {"R": [[-0.1751668260232826, 0.15558903068710936, -0.9721669797883356], [0.15366747002701991, 0.9796528739109114, 0.12909901352677514], [0.9724725660482272, -0.1267765757856603, -0.19551165723720584]], "t": [1.1426457557481668, 0.011327309632651966, 1.519984471562118], "name": "ervilhamigalhas"}]}