{"cameras": [{"R": [[0.9999999999999999, 2.548140455235299e-16, 2.368873292036659e-16], [2.548140455235299e-16, 1.0, -3.005593620625291e-16], [2.368873292036659e-16, -3.005593620625291e-16, 1.0000000000000002]], "t": [[0.1795637104084684], [-0.117756918013228], [-0.4566150664998948]], "name": "ervilhamigalhas"}, {"R": [[-0.19406303978184475, 0.0918285100373422, -0.9766816581337807], [0.6057844807174935, 0.794316096544565, -0.045684808109938316], [0.7715987943954209, -0.6005243238325384, -0.2097756825111206]], "t": [[0.6847538024664509], [0.08359696408161627], [0.35219368077080293]], "name": "abretesesamo"}, {"R": [[0.15599723862109718, 0.0645145724103741, 0.9856483812644843], [-0.604135180310438, 0.7956917944174543, 0.04353449446135433], [-0.7814637198577209, -0.6022561234586479, 0.16310124555838115]], "t": [[-0.8643175128749194], [0.03415995393161151], [0.10442138572909214]], "name": "fernando"}]}