{"cameras": [{"R": [[0.999999999999999, 1.0017227064143231e-16, -1.928109089020604e-17], [1.0017227064143231e-16, 1.0, -3.5165304222460767e-16], [-1.928109089020604e-17, -3.5165304222460767e-16, 0.9999999999999999]], "t": [[-0.22437804960342772], [-0.15612389995548995], [-1.1061953430226257]], "name": "ervilhamigalhas"}, {"R": [[-0.7242515772950654, 0.2171730975311582, 0.6544428916982227], [0.08492501816853922, 0.9699746747214661, -0.22789662500366129], [-0.6842860469677011, -0.10947591565138096, -0.7209491173568414]], "t": [[-0.6040182126224781], [0.27462856685724496], [0.6976723913085563]], "name": "abretesesamo"}, {"R": [[-0.217575906352385, 0.1871281045783964, -0.9579372617514333], [0.11821388838395432, 0.9792766395607044, 0.16444676890666066], [0.9688581947674717, -0.07746183374792734, -0.23518814329026974]], "t": [[0.828396262225905], [-0.1185046669017556], [0.40852295171406877]], "name": "fernando"}]}