{"cameras": [{"R": [[-0.681080583721075, 0.0517170103513027, -0.7303797569199756], [0.2417154358112426, 0.9574626403720946, -0.15760374482314432], [0.6911605360325054, -0.28388491177239566, -0.6646100136916678]], "t": [1.0384291792035774, -0.008984074800740323, 1.6667354290354885], "name": "ervilhamigalhas"}, {"R": [[1.0, 0.0, 0.0], [0.0, 1.0, 0.0], [0.0, 0.0, 1.0]], "t": [0.0, 0.0, 0.0], "name": "abretesesamo"}]}