{"cameras": [{"R": [[0.9999999999999992, 2.871972016181587e-16, 1.4814773690045232e-16], [2.871972016181587e-16, 0.9999999999999988, -3.378179911356839e-17], [1.4814773690045232e-16, -3.378179911356839e-17, 0.9999999999999997]], "t": [[0.022583481355822443], [-0.1868729060288111], [0.42338442796466463]], "name": "ervilhamigalhas"}, {"R": [[-0.21539573428130784, 0.6503664343524675, 0.7284422960819016], [0.13209564098214255, 0.7585009184805647, -0.638143477830539], [-0.9675512489201449, -0.041229330964693924, -0.2492884333082276]], "t": [[-0.6672658199112445], [-0.2571295882207003], [-0.01938761042936535]], "name": "abretesesamo"}, {"R": [[0.19620857396396396, -0.6432463940365546, -0.7400920699899417], [0.11561707222314901, 0.7646744359620792, -0.6339603296710471], [0.9737221822026928, 0.038821173926674085, 0.22440594542342304]], "t": [[0.6446823385554219], [0.4440024942495113], [-0.40399681753529937]], "name": "fernando"}]}