{"cameras": [{"R": [[1.0, 0.0, 0.0], [0.0, 1.0, 0.0], [0.0, 0.0, 1.0]], "t": [0.0, 0.0, 0.0], "name": "abretesesamo"}, {"R": [[-0.9999922923451652, -0.001387616481395373, 0.0036728423274434564], [-0.001622668488017829, 0.997897721562544, -0.06478814897233981], [-0.003575219886900938, -0.06479360941315668, -0.9978922817528831]], "t": [0.031126430846991553, 0.06208306171339534, 1.5652209084776232], "name": "fernando"}]}