{"cameras": [{"R": [[1.0000000000000004, 6.072642349114519e-17, 4.9715610201190197e-17], [6.072642349114519e-17, 1.0000000000000007, 2.1910112613052038e-16], [4.9715610201190197e-17, 2.1910112613052038e-16, 1.0000000000000007]], "t": [[-0.23382128623403325], [-0.14663103836480543], [-1.0426269900249099]], "name": "ervilhamigalhas"}, {"R": [[-0.6917014542410806, 0.23432308615082645, 0.6831118425979212], [0.038352374972015324, 0.9564817713934601, -0.2892606373602104], [-0.7211644705161093, -0.17388304198161922, -0.6705866790925973]], "t": [[-0.6274900363024807], [0.2729178758696497], [0.6844049661078743]], "name": "abretesesamo"}, {"R": [[-0.17386296242421614, 0.16161107321783222, -0.9714183091286973], [0.1553424865189594, 0.9785924920169565, 0.1350016535089506], [0.9724404260309129, -0.12743074817886085, -0.1952460556308194]], "t": [[0.861311322536514], [-0.12628683750484468], [0.3582220239170355]], "name": "fernando"}]}