{"cameras": [{"R": [[0.9999999999999998, 6.779680478374835e-17, 2.317139423642309e-16], [6.779680478374835e-17, 0.9999999999999992, -6.826420099765127e-17], [2.317139423642309e-16, -6.826420099765127e-17, 0.9999999999999997]], "t": [[0.20311960183778408], [-0.10805334197955917], [-0.42912497319819887]], "name": "ervilhamigalhas"}, {"R": [[-0.21569598139732774, 0.13433180920713828, -0.9671764103017506], [0.650391399466759, 0.7585615860005049, -0.039690650587625075], [0.7283311548387269, -0.6376043328581881, -0.2509869391258247]], "t": [[0.6763734133751585], [0.07457305543792955], [0.40149259486144284]], "name": "abretesesamo"}, {"R": [[0.19818812282826084, 0.11376818044614481, 0.9735390434326623], [-0.6428682079327168, 0.7648522562669345, 0.04149088228460927], [-0.7398931917508004, -0.6340803002785624, 0.22472257919368283]], "t": [[-0.8794930152129425], [0.03348028654162942], [0.027632378336756306]], "name": "fernando"}]}