{"cameras": [{"R": [[1.0000000000000002, -5.2200980883008446e-17, 1.2108630304540873e-16], [-5.2200980883008446e-17, 1.0, 1.0440571326169427e-16], [1.2108630304540873e-16, 1.0440571326169427e-16, 1.0000000000000002]], "t": [[0.20182831469586468], [-0.1110752993034465], [-0.42935542581600306]], "name": "ervilhamigalhas"}, {"R": [[-0.21539382436189886, 0.13353354989202743, -0.9673542740278709], [0.6504915127296944, 0.7584518992581547, -0.04014359697799317], [0.728331169382026, -0.6379024279346578, -0.25022829604519076]], "t": [[0.6775414797747783], [0.06877421293321645], [0.40260777610386644]], "name": "abretesesamo"}, {"R": [[0.19220023542000375, 0.11972917387146338, 0.9740246374853934], [-0.6436584449489315, 0.7646000321322044, 0.03302418976076171], [-0.7407853101610601, -0.633286440552368, 0.22402100004707828]], "t": [[-0.879369794470643], [0.04230108637023022], [0.026747649712136577]], "name": "fernando"}]}