{"cameras": [{"R": [[0.9999999999999997, 3.8802431074539246e-16, 1.8210071175242436e-16], [3.8802431074539246e-16, 1.0000000000000004, 6.05420696175511e-16], [1.8210071175242436e-16, 6.05420696175511e-16, 0.9999999999999999]], "t": [[0.14144269078223798], [-0.21699438781119643], [-0.4808575940645077]], "name": "ervilhamigalhas"}, {"R": [[-0.2144804667373467, 0.10584164582746501, -0.9709766605828707], [0.5838741432694959, 0.8108289514005869, -0.040588131170791755], [0.7830000729306752, -0.5756335271500069, -0.23570517222029602]], "t": [[0.7012011036109594], [0.1905232575840588], [0.4360922037417615]], "name": "abretesesamo"}, {"R": [[0.20851825596790005, 0.09989370941443063, 0.9729035839935682], [-0.5867517022244982, 0.8086388147909771, 0.04272829449085953], [-0.7824593132328092, -0.5797624634562575, 0.22722875940860138]], "t": [[-0.8426437943931974], [0.026471130227137422], [0.04476539032274632]], "name": "fernando"}]}