{"cameras": [{"R": [[0.9771104292673541, 0.18141828186328474, -0.11109732680285604], [-0.0797141265445969, 0.7964307962446826, 0.5994527878176003], [0.19723302727027958, -0.5768755444624383, 0.7926624370783358]], "t": [[-0.04243403787478561], [0.17195944355388545], [0.422811603030871]], "name": "ervilhamigalhas"}, {"R": [[-0.11944554659807305, 0.058766100353029524, 0.9911000488584316], [-0.05405508889484252, 0.9963811986322707, -0.06559385929102517], [-0.9913681499637048, -0.06140889562121858, -0.1158366901120884]], "t": [[-0.7851838910317085], [-0.14797118625801303], [-0.12266391409376219]], "name": "abretesesamo"}, {"R": [[0.09728615200844833, -0.04991872278631184, -0.9940037855776865], [-0.07470345429265601, 0.9955577143397977, -0.057308213506116146], [0.9924488896382193, 0.0798308119331179, 0.09312487810442993]], "t": [[0.8276179289064942], [-0.023988257295872277], [-0.30014768893710875]], "name": "fernando"}]}