{"cameras": [{"R": [[0.9999999999999998, -5.014558639764333e-18, 9.212519983266644e-17], [-5.014558639764333e-18, 0.9999999999999999, 3.917237421664402e-17], [9.212519983266644e-17, 3.917237421664402e-17, 0.9999999999999999]], "t": [[-0.23097109772826396], [-0.0885863496181302], [-1.0932868682669896]], "name": "ervilhamigalhas"}, {"R": [[-0.7023769976184303, 0.21160335176202488, 0.6796253193779613], [0.08407154286909202, 0.9727696778737034, -0.21598872537496389], [-0.7068228412382624, -0.09456836327529379, -0.7010408659780845]], "t": [[-0.6572353579559465], [0.2585924591940132], [0.739223637439284]], "name": "abretesesamo"}, {"R": [[-0.1606535664054819, 0.2159394402037953, -0.9630994703381738], [0.08953721724961258, 0.9749391392682851, 0.20365844311005424], [0.9829412588392024, -0.05351479129443787, -0.17596206632202807]], "t": [[0.888206455684213], [-0.17000610957587906], [0.35406323082770375]], "name": "fernando"}]}