{"cameras": [{"R": [[1.0, 0.0, 0.0], [0.0, 1.0, 0.0], [0.0, 0.0, 1.0]], "t": [0.0, 0.0, 0.0], "name": "fernando"}, {"R": [[-0.9999999714250111, 0.00021505098109124855, 0.00010441768476148035], [0.00021562988132191123, 0.9999844302433456, 0.005576089547901171], [-0.00010321691547563631, 0.005576111904137232, -0.9999844480402189]], "t": [0.022400677506892817, 0.011377464752019324, 1.5954352078657688], "name": "abretesesamo"}]}