{"cameras": [{"R": [[1.0000000000000004, -5.39545059508173e-17, -1.4302503949893435e-16], [-5.39545059508173e-17, 1.0000000000000002, -1.2316320366521863e-16], [-1.4302503949893435e-16, -1.2316320366521863e-16, 0.9999999999999998]], "t": [[-0.21222709738853154], [-0.19691837190401346], [-1.0486869688822944]], "name": "ervilhamigalhas"}, {"R": [[-0.7025939508402642, 0.2614611381072735, 0.6618155434124513], [0.016164211633140975, 0.9356746478899949, -0.3524935056965068], [-0.7114073787254018, -0.23696207830702323, -0.6616256607323121]], "t": [[-0.6205330294390159], [0.2954505194105005], [0.7059074900109195]], "name": "abretesesamo"}, {"R": [[-0.1660799624092909, 0.11806656829708304, -0.9790187595427778], [0.18973189718547265, 0.9780826687811792, 0.08576771082573986], [0.9676875804083308, -0.17150678843834954, -0.18484092686154038]], "t": [[0.8327601268275474], [-0.09853214750648713], [0.3427794788713746]], "name": "fernando"}]}