{"cameras": [{"R": [[-0.19400017246414425, 0.16597996029885947, -0.966858100169343], [0.13943834280618972, 0.980241348130812, 0.14029913745334355], [0.9710411328256624, -0.10759903435383554, -0.213310961196973]], "t": [-1.2712946882393021, -0.02999536114868086, 1.4301978841038612], "name": "ervilhamigalhas"}, {"R": [[1.0, 0.0, 0.0], [0.0, 1.0, 0.0], [0.0, 0.0, 1.0]], "t": [0.0, 0.0, 0.0], "name": "fernando"}]}