{"cameras": [{"R": [[1.0, 0.0, 0.0], [0.0, 1.0, 0.0], [0.0, 0.0, 1.0]], "t": [0.0, 0.0, 0.0], "name": "abretesesamo"}, {"R": [[-0.9999466443766353, -0.002278305433360987, -0.010075600441607378], [-0.002268910028499982, 0.9999969806180182, -0.0009438231449220734], [0.010077720336920063, -0.0009209121557647232, -0.9999487944258004]], "t": [-0.7102312645451968, 0.6014762056950865, 14.444148567000243], "name": "fernando"}]}