{"cameras": [{"R": [[1.0, 6.716801646140352e-17, 5.958122812146351e-17], [6.716801646140352e-17, 1.0000000000000007, 1.203307979029711e-16], [5.958122812146351e-17, 1.203307979029711e-16, 1.0000000000000002]], "t": [[-0.036256406702275534], [-0.013692222509243646], [-1.0064174954115797]], "name": "abretesesamo"}, {"R": [[-0.6918887399186701, 0.0412126708505707, -0.7208269468708265], [0.23847447622723852, 0.9553833171938592, -0.17427748396107617], [0.6814835990410183, -0.29247945737952485, -0.6708471295675933]], "t": [[0.9450978292548751], [-0.004917554713000997], [0.6303188528482672]], "name": "ervilhamigalhas"}, {"R": [[-0.5529624681086316, 0.02390357182134345, 0.8328632109280566], [-0.06301816274033911, 0.9955254428479229, -0.07041167379972717], [-0.8308196073926294, -0.09142052229466242, -0.5489818467630134]], "t": [[-0.9088414225525994], [0.018609777222245154], [0.37609864256331255]], "name": "fernando"}]}