{"cameras": [{"R": [[0.9999999999999999, -3.4958732659964874e-17, 1.374765183593278e-16], [-3.4958732659964874e-17, 0.9999999999999996, -1.5279866503465008e-16], [1.374765183593278e-16, -1.5279866503465008e-16, 1.0000000000000002]], "t": [[-0.23447369379205435], [-0.13969177863270543], [-1.1209079296643742]], "name": "ervilhamigalhas"}, {"R": [[-0.18700843716251997, 0.17079027607805694, -0.9673978116717097], [0.14371768531440826, 0.9789317435814245, 0.14504436678651483], [0.9717885939636774, -0.1119076539197084, -0.2076140786080903]], "t": [[0.8995805004419493], [-0.14190358287390534], [0.38982512873707453]], "name": "fernando"}, {"R": [[-0.6938319648457434, 0.23297564949378277, 0.6814099729980804], [0.04871827659231509, 0.9592404149705943, -0.27836011893393636], [-0.7184871147655812, -0.15993802871734558, -0.6769018340098067]], "t": [[-0.6651068066498957], [0.28159536150661113], [0.7310828009272995]], "name": "abretesesamo"}]}