{"cameras": [{"R": [[1.0, -9.557236612205841e-17, -1.378489977226001e-16], [-9.557236612205841e-17, 1.0, 4.841109527754516e-16], [-1.378489977226001e-16, 4.841109527754516e-16, 1.0000000000000002]], "t": [[0.025455608652942798], [0.10608597194890107], [0.2761330499634461]], "name": "ervilhamigalhas"}, {"R": [[0.9876345036668346, -0.13579959907172462, 0.07833617337299746], [0.1444736199434167, 0.9823943274095103, -0.11844306064122391], [-0.060872492204694824, 0.12829596394888848, 0.9898659936209625]], "t": [[0.02909636097608432], [0.06507720926316131], [-0.008257007290831148]], "name": "abretesesamo"}, {"R": [[0.9772901984180188, -0.12447739171928994, 0.17149124475270563], [0.15395295430038605, 0.9731755998618766, -0.17096122278359277], [-0.1456102878860324, 0.1934803111022942, 0.9702386372833784]], "t": [[-0.05455196962902711], [-0.17116318121206248], [-0.2678760426726151]], "name": "fernando"}]}