{"cameras": [{"R": [[0.9999999999999997, 2.3311298072482567e-16, 3.589777754932588e-16], [2.3311298072482567e-16, 0.9999999999999996, -2.2035726444655508e-16], [3.589777754932588e-16, -2.2035726444655508e-16, 0.9999999999999998]], "t": [[0.18664370113085255], [-0.12480166172888475], [-0.43920547763061873]], "name": "ervilhamigalhas"}, {"R": [[-0.20280834959398006, 0.012443151216037496, -0.9791393880969044], [0.5842413992642821, 0.8039814541786601, -0.11079624868415117], [0.785831254609206, -0.5945241705133458, -0.1703239559038573]], "t": [[0.6753416830723766], [0.12673751920676496], [0.3537551810608354]], "name": "abretesesamo"}, {"R": [[0.20623422784473597, 0.07549426880974017, 0.975586007813851], [-0.5848741299572799, 0.808823310623724, 0.06105001472884423], [-0.7844677784154039, -0.5831856201661358, 0.21096169571616483]], "t": [[-0.8619853842032291], [-0.001935857477880115], [0.08545029656978337]], "name": "fernando"}]}