{"cameras": [{"R": [[0.9999999999999998, 2.7668839441830073e-16, 3.469446951953614e-18], [2.7668839441830073e-16, 1.0000000000000002, 5.551115123125783e-17], [3.469446951953614e-18, 5.551115123125783e-17, 1.0000000000000004]], "t": [[-0.11967132949089798], [-0.23580046860769785], [-0.12049882297879141]], "name": "fernando"}, {"R": [[0.9963116983261344, -0.052909891563003374, -0.06755400175626344], [0.07535746195439391, 0.9160453570675872, 0.3939316650419325], [0.04103964797955865, -0.39756942433958425, 0.916653860584248]], "t": [[0.14707180449154258], [0.18783161858051553], [0.1674353061401155]], "name": "ervilhamigalhas"}, {"R": [[0.9694662521599426, 0.005187196278443357, 0.24516989806606346], [-0.07227344575521553, 0.9614127126936348, 0.26544706611626967], [-0.23433253073703386, -0.27506124566328144, 0.9324320759028732]], "t": [[-0.027400475000644613], [0.047968850027182534], [-0.04693648316132396]], "name": "abretesesamo"}]}