{"cameras": [{"R": [[0.9999999999999997, -1.5767292789757386e-16, -1.342564852917126e-16], [-1.5767292789757386e-16, 1.0000000000000002, -2.0888679125622916e-16], [-1.342564852917126e-16, -2.0888679125622916e-16, 1.0000000000000002]], "t": [[0.19119725759750805], [-0.11935497541894782], [-0.4127137881306129]], "name": "ervilhamigalhas"}, {"R": [[-0.11642310261177703, -0.006225824508662651, -0.993180195275477], [0.4700035018644115, 0.8805807920044734, -0.06061498979596113], [0.8749527812479013, -0.47385515493868097, -0.0995937885844315]], "t": [[0.6798647671476803], [0.09166973979294983], [0.296840747862922]], "name": "abretesesamo"}, {"R": [[0.1171187474694867, 0.04996653585779222, 0.9918601435109436], [-0.4684981597326603, 0.8833982416721374, 0.010817621628031855], [-0.8756669876832684, -0.46595159824272375, 0.1268717256789787]], "t": [[-0.8710620247451881], [0.0276852356259982], [0.11587304026769074]], "name": "fernando"}]}