{"cameras": [{"R": [[1.0, 0.0, 0.0], [0.0, 1.0, 0.0], [0.0, 0.0, 1.0]], "t": [0.0, 0.0, 0.0], "name": "fernando"}, {"R": [[-0.21146140672938077, 0.130483511888538, 0.9686372523237294], [0.15421183564274019, 0.983089143081768, -0.0987646014645484], [-0.9651439183933802, 0.12849042719202247, -0.22800751502589492]], "t": [1.7744362007362766, -0.3751650886017406, -0.7732239654470493], "name": "ervilhamigalhas"}]}