{"cameras": [{"R": [[1.0000000000000004, -1.355100219396649e-16, 1.835540403806991e-16], [-1.355100219396649e-16, 1.0000000000000007, 4.844339682387629e-16], [1.835540403806991e-16, 4.844339682387629e-16, 0.9999999999999999]], "t": [[0.01418181371241803], [0.22974984705200086], [-0.7287419662840868]], "name": "fernando"}, {"R": [[0.9318048366997653, 0.04843299936855963, 0.35971376242102443], [-0.034499186182182597, 0.9983884358019647, -0.045059265525234586], [-0.361316415978697, 0.029576609492496943, 0.9319740724479609]], "t": [[-0.6395818634477565], [0.06654010525694547], [-0.7038338618010807]], "name": "ervilhamigalhas"}, {"R": [[-0.9119176779803204, -0.01510697602995887, -0.41009502296688727], [-0.008497649070939094, 0.9998030526528676, -0.017934488179921236], [0.4102851917230849, -0.012869933225887581, -0.911866451993664]], "t": [[0.6254000497353384], [-0.2962899523089461], [1.432575828085167]], "name": "quim"}]}