{"cameras": [{"R": [[1.0, 0.0, 0.0], [0.0, 1.0, 0.0], [0.0, 0.0, 1.0]], "t": [0.0, 0.0, 0.0], "name": "ervilhamigalhas"}, {"R": [[-0.2098567280881237, 0.16016880009084286, -0.9645237732443961], [0.13512480838839724, 0.9817755835365747, 0.1336337896245477], [0.9683498540476716, -0.10228714019307877, -0.22767499009986833]], "t": [-1.2858409404065598, -0.036698451667131884, 1.4913607993801392], "name": "fernando"}]}