{"cameras": [{"R": [[1.0000000000000007, 3.559492926151093e-16, -2.822292491966339e-16], [3.559492926151093e-16, 1.0000000000000002, -7.949747038644272e-19], [-2.822292491966339e-16, -7.949747038644272e-19, 1.0000000000000002]], "t": [[-0.23565373202151824], [-0.08393191641293797], [-1.0821718855753082]], "name": "ervilhamigalhas"}, {"R": [[-0.709204848039682, 0.21262453672361506, 0.6721750440919984], [0.08219306984755752, 0.9718713297778392, -0.22070436702722862], [-0.7001948177372106, -0.10127647673040116, -0.706732122147445]], "t": [[-0.6539786496293148], [0.2579157636122304], [0.731549198329247]], "name": "abretesesamo"}, {"R": [[-0.1543582791510225, 0.22012969989273362, -0.9631803760888565], [0.09234954855054169, 0.9738108611888237, 0.20775939813446073], [0.9836895254804979, -0.056879889731059535, -0.1706446471593423]], "t": [[0.8896323816508329], [-0.17398384719929247], [0.35062268724606105]], "name": "fernando"}]}