{"cameras": [{"R": [[1.0000000000000007, -1.391362158203149e-16, 1.7456387754953865e-16], [-1.391362158203149e-16, 1.0, 3.6332166950887113e-16], [1.7456387754953865e-16, 3.6332166950887113e-16, 0.9999999999999999]], "t": [[0.20150475193932801], [-0.10992689541559605], [-0.428103832999382]], "name": "ervilhamigalhas"}, {"R": [[-0.2141608428882226, 0.12940589074209116, -0.9681886431964859], [0.6500786212487599, 0.7586835446614898, -0.042391806462897155], [0.7290630422458112, -0.6384774032815272, -0.24660431044521566]], "t": [[0.6782325835787484], [0.07164730569533007], [0.40302168648735054]], "name": "abretesesamo"}, {"R": [[0.19629836212435148, 0.11762894157088236, 0.9734630887363992], [-0.6429604862970819, 0.7649947205165308, 0.037214118859036464], [-0.7403166660881795, -0.6332033715061438, 0.22579797214619624]], "t": [[-0.8797373355180766], [0.03827958972026611], [0.025082146512031632]], "name": "fernando"}]}