{"cameras": [{"R": [[1.0, -1.984136934597973e-17, 7.119258156037063e-17], [-1.984136934597973e-17, 1.0000000000000009, -8.513994205157838e-17], [7.119258156037063e-17, -8.513994205157838e-17, 1.0000000000000013]], "t": [[0.18810182740039844], [-0.12540369081906064], [-0.43817442036675236]], "name": "ervilhamigalhas"}, {"R": [[-0.2022994998222605, -0.011225222218959694, -0.9792593664386355], [0.5759973929485429, 0.8073288545738153, -0.12824634064570412], [0.7920239363101004, -0.5899950126557574, -0.15685652473897266]], "t": [[0.6753772015929289], [0.13427473209822], [0.346248037231463]], "name": "abretesesamo"}, {"R": [[0.2028933330341398, 0.06140971352595089, 0.9772733202615116], [-0.5775557522818436, 0.8134476061717455, 0.06879204183343114], [-0.7907361433603833, -0.5783872743224211, 0.2005106293577209]], "t": [[-0.8634790289933286], [-0.008871041279160717], [0.09192638313528956]], "name": "fernando"}]}