{"cameras": [{"R": [[0.9999999999999994, 3.9955779437224055e-16, 2.7401258030923014e-16], [3.9955779437224055e-16, 0.9999999999999994, 3.297885974722669e-16], [2.7401258030923014e-16, 3.297885974722669e-16, 0.9999999999999994]], "t": [[0.03433730642246908], [0.04974627504141891], [0.29291523589225393]], "name": "ervilhamigalhas"}, {"R": [[0.9899943475126047, -0.13521596220179974, 0.04034644295268256], [0.13950750667410425, 0.9808392881370518, -0.13598509634653388], [-0.021186020736970745, 0.14025310838852312, 0.9898889928232814]], "t": [[0.04464087397835276], [0.01705910155757874], [0.026429842299290893]], "name": "abretesesamo"}, {"R": [[0.9728733236195622, -0.1317944057040901, 0.19012556591508575], [0.16919509405428404, 0.9658460897459524, -0.1962507352098711], [-0.1577672853838461, 0.2230954180335369, 0.9619448623050352]], "t": [[-0.07897818040082184], [-0.06680537659899759], [-0.31934507819154484]], "name": "fernando"}]}