{"cameras": [{"R": [[0.9999999999999999, 1.123804521046404e-17, 2.5450055811603345e-16], [1.123804521046404e-17, 0.9999999999999993, 3.9713778604530577e-16], [2.5450055811603345e-16, 3.9713778604530577e-16, 0.9999999999999998]], "t": [[0.025627551633287282], [-0.11422748914066963], [0.44661120922378145]], "name": "ervilhamigalhas"}, {"R": [[-0.30666973927606456, -0.0457547236888301, 0.9507156127215478], [0.5165442485479588, 0.8309595131684352, 0.20661153589986447], [-0.7994596364447517, 0.5544481876019035, -0.23119579788696273]], "t": [[-0.7777178478419331], [-0.18289677122779185], [-0.09698682442596371]], "name": "abretesesamo"}, {"R": [[0.29530759980212573, -0.0990527514937597, -0.950253636625834], [-0.6230812264685248, 0.7340236112325492, -0.2701464850328527], [0.7242673585918292, 0.6718615114550338, 0.15504484094535892]], "t": [[0.752090296208646], [0.29712426036846123], [-0.34962438479781704]], "name": "fernando"}]}