{"cameras": [{"R": [[-0.9999747818723902, -0.0016397942195838103, 0.0069098982759543065], [-0.0015959358909816374, 0.9999785782515797, 0.006347915136613115], [-0.006920159528398838, 0.006336727299417556, -0.9999559776706347]], "t": [0.005721811470126143, 0.012717577017030132, 1.5967540799380757], "name": "abretesesamo"}, {"R": [[1.0, 0.0, 0.0], [0.0, 1.0, 0.0], [0.0, 0.0, 1.0]], "t": [0.0, 0.0, 0.0], "name": "fernando"}]}