{"cameras": [{"R": [[1.0000000000000004, -8.144822226296527e-17, -9.416900668658855e-17], [-8.144822226296527e-17, 1.0000000000000009, 8.912353312763603e-17], [-9.416900668658855e-17, 8.912353312763603e-17, 1.0000000000000007]], "t": [[-0.007077133672533681], [-0.21062683065538254], [-0.5414384949812067]], "name": "ervilhamigalhas"}, {"R": [[-0.3062741138059169, -0.051797157067729444, 0.9505331250051736], [0.5216613213333128, 0.8261092979113334, 0.21310301201350165], [-0.7962823827243591, 0.5611243021150888, -0.22599531972736062]], "t": [[-0.7138496634195106], [0.002803564401613983], [0.3525737842932498]], "name": "abretesesamo"}, {"R": [[0.2950718368915114, -0.09063744751861465, -0.9511663704004576], [-0.6280407270922065, 0.7318256317882025, -0.2645677413655935], [0.7200676747271483, 0.6754377082789418, 0.159017125014663]], "t": [[0.7209267970920442], [0.20782326625376868], [0.18886471068795707]], "name": "fernando"}]}