{"cameras": [{"R": [[0.9999999999999996, 6.32476457192321e-17, 6.272474938584912e-17], [6.32476457192321e-17, 0.9999999999999998, 1.3356046088909368e-17], [6.272474938584912e-17, 1.3356046088909368e-17, 0.9999999999999999]], "t": [[-0.017308262146938244], [0.08169610359665994], [0.2893856313638945]], "name": "ervilhamigalhas"}, {"R": [[0.983134207583748, 0.16114050285581727, -0.0864920124523015], [-0.1695268290305544, 0.9803952344543176, -0.10042827539148821], [0.06861329402907282, 0.11339718955352299, 0.9911777304216643]], "t": [[0.023130195197628774], [0.023777161560231252], [0.032239713542619355]], "name": "abretesesamo"}, {"R": [[0.9475886491880999, 0.23704709005007402, -0.21420651023875087], [-0.25262863512802214, 0.9663644794368842, -0.04815044751642688], [0.19558763929048462, 0.0997415158370463, 0.9756008945133782]], "t": [[-0.005821933050690543], [-0.10547326515689122], [-0.32162534490651384]], "name": "fernando"}]}