{"cameras": [{"R": [[1.0, 0.0, 0.0], [0.0, 1.0, 0.0], [0.0, 0.0, 1.0]], "t": [0.0, 0.0, 0.0], "name": "fernando"}, {"R": [[-0.22012199950537759, 0.17664101062967147, -0.9593457451291909], [0.13716647235272386, 0.9793014165685198, 0.14884251532811268], [0.9657803395162193, -0.09882655954053171, -0.23979501023440308]], "t": [1.7847955835886238, -0.38981646320816216, -0.7413575891920994], "name": "ervilhamigalhas"}]}