{"cameras": [{"R": [[1.0000000000000002, 0.0, -2.8449465006019636e-16], [0.0, 0.9999999999999996, -2.706168622523819e-16], [-2.8449465006019636e-16, -2.706168622523819e-16, 0.9999999999999999]], "t": [[-0.17914639281223932], [0.06244575798412254], [-0.8179246453093653]], "name": "fernando"}, {"R": [[0.02986284589868747, -0.07607915198464282, -0.9966544903165439], [-0.05056434688688369, 0.995707585842877, -0.07752193443699215], [0.998274239504724, 0.05271020895659557, 0.025887769564368786]], "t": [[0.45158073568408974], [-0.02679110847077436], [0.05448057883932226]], "name": "ervilhamigalhas"}, {"R": [[-0.9966931753505791, 0.01918274756033006, 0.07896034704594376], [0.022642857995122667, 0.9988114941863322, 0.04316132601159175], [-0.07803854939318078, 0.044806487000241674, -0.9959429519461971]], "t": [[-0.2724343428718504], [-0.03565464951334792], [0.7634440664700431]], "name": "abretesesamo"}]}