{"cameras": [{"R": [[1.0, 0.0, 0.0], [0.0, 1.0, 0.0], [0.0, 0.0, 1.0]], "t": [0.0, 0.0, 0.0], "name": "ervilhamigalhas"}, {"R": [[-0.20048376237232637, 0.09358521409717194, -0.9752169341881953], [0.5856664284046175, 0.8094253453055401, -0.042725226936618774], [0.7853668541928767, -0.5797175330101657, -0.21708635667814669]], "t": [-0.6703575745011058, 0.2662847538931793, 0.6633643618412187], "name": "abretesesamo"}]}