{"cameras": [{"R": [[1.0, 0.0, 0.0], [0.0, 1.0, 0.0], [0.0, 0.0, 1.0]], "t": [0.16787498153551741, -0.21653556054518255, 14.37653209394694], "name": "abretesesamo"}, {"R": [[-0.9999892275636832, -0.001088891863058665, -0.0045121027357420745], [-0.0011249292780338826, 0.9999674306405725, 0.007992008021200597], [0.004503253346942281, 0.007996997724276048, -0.9999578834814447]], "t": [0.0, 0.0, 0.0], "name": "fernando"}]}