{"cameras": [{"R": [[0.11170368310720424, -0.2711935156731378, 0.9560211107695937], [0.03883643991005334, -0.9601156865788538, -0.2768927577968207], [0.9929823856017778, 0.06805839729276152, -0.09671626772442464]], "t": [[0.2693821885360786], [-0.12779794442920253], [-0.042486080124360684]], "name": "ervilhamigalhas"}, {"R": [[0.16837324369803164, -0.11200602067492837, 0.9793391149847794], [0.16984780064547395, -0.9753667814020671, -0.1407528555776672], [0.9709800077357406, 0.19003760961962243, -0.14520169250928655]], "t": [[0.03376138719569454], [-0.01633791350828389], [0.009508046257489074]], "name": "abretesesamo"}, {"R": [[0.3043385184476921, -0.020407145221984377, 0.9523453231958209], [0.16218491181314745, -0.9840626706686404, -0.07291580471107452], [0.938655485558586, 0.1766471302353668, -0.2961784442027878]], "t": [[-0.30314357573177314], [0.14413585793748634], [0.03297803386687162]], "name": "fernando"}]}