{"cameras": [{"R": [[0.9999999999999998, 2.9431079094373777e-16, 2.712349839845347e-16], [2.9431079094373777e-16, 0.9999999999999999, -1.5896904021158795e-18], [2.712349839845347e-16, -1.5896904021158795e-18, 0.9999999999999997]], "t": [[0.004119017205374387], [0.04519195251517074], [-0.8759589176836374]], "name": "abretesesamo"}, {"R": [[-0.5933546165634429, 0.1451624128536206, -0.7917437545679566], [0.13831721426574983, 0.987361308192596, 0.07736921430367757], [0.7929682510924456, -0.06360441005717188, -0.6059338509942047]], "t": [[0.9286120147320193], [0.03423565317672316], [0.8644334117195869]], "name": "quim"}, {"R": [[0.11773594257797956, -0.19297066503697521, 0.9741152756529698], [-0.211370982125059, 0.9535894018005178, 0.2144517677456134], [-0.9702889032348881, -0.23114838353083475, 0.07148334806316463]], "t": [[-0.9327310319373934], [-0.07942760569189344], [0.011525505964050609]], "name": "fernando"}]}