{"cameras": [{"R": [[0.9999999999999998, -1.92049084301772e-16, -1.3216612390864653e-16], [-1.92049084301772e-16, 1.0000000000000002, -1.0832159089273622e-16], [-1.3216612390864653e-16, -1.0832159089273622e-16, 1.0]], "t": [[-0.29393841177710595], [-0.10232536313254405], [-1.093626508524487]], "name": "ervilhamigalhas"}, {"R": [[-0.7227671228645552, 0.21280597324987813, 0.6575114476990228], [0.09147752581125654, 0.9724977610475083, -0.21419609480341859], [-0.68501061917137, -0.09466637474180647, -0.7223563726552847]], "t": [[-0.6147039820268551], [0.24338579770274912], [0.7336913328535495]], "name": "abretesesamo"}, {"R": [[-0.21439122185314063, 0.18347379356479004, -0.959361126514548], [0.10800803925550388, 0.980629028575041, 0.16340431993112567], [0.9707577800092562, -0.06858626240667251, -0.23005490031856377]], "t": [[0.9086423938039585], [-0.14106043457020678], [0.359935175670937]], "name": "fernando"}]}