{"cameras": [{"R": [[1.0000000000000002, 8.291298876716103e-17, -1.577904784874229e-16], [8.291298876716103e-17, 1.0000000000000002, 1.5072151282006085e-16], [-1.577904784874229e-16, 1.5072151282006085e-16, 0.9999999999999994]], "t": [[-0.2289903005371541], [-0.1538457904455723], [-1.1004482873837136]], "name": "ervilhamigalhas"}, {"R": [[-0.6918727236152944, 0.2386927366611904, 0.6814234452837282], [0.038485209295556336, 0.9546242955703705, -0.29531566665561676], [-0.7209930810920665, -0.17809613070464467, -0.6696646513333387]], "t": [[-0.6616899761435167], [0.2927749785349245], [0.724946326025245]], "name": "abretesesamo"}, {"R": [[-0.18300454625134382, 0.16654341106133871, -0.9689027960963855], [0.15982300487277787, 0.9774760867904496, 0.1378299926223113], [0.9700339907264977, -0.1296294410420884, -0.20550003613221032]], "t": [[0.8906802766806703], [-0.13892918808935356], [0.37550196135846925]], "name": "fernando"}]}