{"cameras": [{"R": [[1.0000000000000007, -2.344240490362988e-16, -1.868441333966897e-16], [-2.344240490362988e-16, 1.0000000000000009, 4.6512840367468946e-17], [-1.868441333966897e-16, 4.6512840367468946e-17, 1.0000000000000002]], "t": [[0.19607294205226347], [-0.1258492996206195], [-0.4417805523746854]], "name": "ervilhamigalhas"}, {"R": [[-0.21297486969137933, 0.020848203657308675, -0.9768352252474336], [0.577311343186163, 0.8092702844167596, -0.10859659197509898], [0.7882596766983133, -0.5870664009839781, -0.18439013782518418]], "t": [[0.6643690398293505], [0.1340856169951922], [0.38042103082003015]], "name": "abretesesamo"}, {"R": [[0.21975071040376157, 0.08861731864443008, 0.9715228232590907], [-0.5767160665974331, 0.8150156929396368, 0.05610702977800095], [-0.7868342924691497, -0.5726223808919767, 0.23020730895472596]], "t": [[-0.860441981881614], [-0.00823631737457275], [0.06135952155465538]], "name": "fernando"}]}