{"cameras": [{"R": [[1.0, 0.0, 0.0], [0.0, 1.0, 0.0], [0.0, 0.0, 1.0]], "t": [0.0, 0.0, 0.0], "name": "fernando"}, {"R": [[0.9904162275514053, 0.014198556699847693, -0.13738303094081017], [-0.0032523861967735626, 0.9968235843122052, 0.07957489392386125], [0.13807649396935584, -0.07836544357437077, 0.9873164330985896]], "t": [-0.13926083319018195, -0.13702868729447035, -0.2424177758552575], "name": "abretesesamo"}]}