{"cameras": [{"R": [[0.9999999999999992, 5.34825382718062e-17, 1.6123471729675127e-16], [5.34825382718062e-17, 0.9999999999999998, 1.454201685979683e-17], [1.6123471729675127e-16, 1.454201685979683e-17, 0.9999999999999998]], "t": [[0.20266235547092457], [-0.1093579017583905], [-0.42932697006215836]], "name": "ervilhamigalhas"}, {"R": [[-0.21554855841967938, 0.13365871339722324, -0.9673025210843794], [0.6502861646126671, 0.7586312728710033, -0.04008111694387317], [0.7284687522993317, -0.6376628734332277, -0.25043828934157514]], "t": [[0.6770776220233845], [0.07214294336865462], [0.4017196967429657]], "name": "abretesesamo"}, {"R": [[0.1954754936160116, 0.11611475431067302, 0.9738104000404537], [-0.6431991142809412, 0.7647592719867695, 0.037923018056041986], [-0.7403271106637856, -0.6337670074575028, 0.22417660331660982]], "t": [[-0.8797399774943089], [0.0372149583897361], [0.02760727331919294]], "name": "fernando"}]}