{"cameras": [{"R": [[1.0000000000000004, 4.070256705122752e-18, 2.4912803557315224e-16], [4.070256705122752e-18, 1.0000000000000004, 1.70617284029845e-16], [2.4912803557315224e-16, 1.70617284029845e-16, 1.0000000000000004]], "t": [[-0.02343588382631833], [0.04918665380312201], [0.28881575245040714]], "name": "ervilhamigalhas"}, {"R": [[0.9899467064245127, 0.13619923279318807, -0.03814822965495963], [-0.140083406276154, 0.98138908016736, -0.1313472977047257], [0.01954885483425223, 0.135370758714025, 0.9906021400945281]], "t": [[0.01514563080394469], [0.009891003635168956], [0.0418447996106317]], "name": "abretesesamo"}, {"R": [[0.973007150259085, 0.13422973214687028, -0.18772177431633744], [-0.17226202324068937, 0.9637486232663353, -0.20375079509358524], [0.15356718690435978, 0.2305883131470968, 0.9608569867291689]], "t": [[0.008290253022373639], [-0.059077657438291034], [-0.3306605520610389]], "name": "fernando"}]}