{"cameras": [{"R": [[-0.6818475046334845, 0.050865833041089964, -0.7297236788361237], [0.23994963463306493, 0.9579346966105797, -0.15743344583999772], [0.6910196475242568, -0.28244253231167715, -0.6653706205392741]], "t": [1.0352651675576219, -0.010459830000574242, 1.6647045862362573], "name": "ervilhamigalhas"}, {"R": [[1.0, 0.0, 0.0], [0.0, 1.0, 0.0], [0.0, 0.0, 1.0]], "t": [0.0, 0.0, 0.0], "name": "abretesesamo"}]}