{"cameras": [{"R": [[1.0, 0.0, 0.0], [0.0, 1.0, 0.0], [0.0, 0.0, 1.0]], "t": [0.0, 0.0, 0.0], "name": "ervilhamigalhas"}, {"R": [[-0.9898585608362014, 0.05124475464403949, -0.13249152675079653], [0.04272228533490724, 0.9968788762137439, 0.06638759292659002], [0.1354800202061086, 0.060053986381388924, -0.9889583827667656]], "t": [-0.044413090937238275, 0.00013306683678084174, 1.7012898775931342], "name": "abretesesamo"}]}