{"cameras": [{"R": [[-0.21608562181797805, 0.10353556349995546, -0.9708693996281292], [0.5849690571232671, 0.8098704532839042, -0.043829797011156316], [0.7817404980246662, -0.5773995462316107, -0.23556646144915494]], "t": [0.4721241054460725, 0.18837549290188133, 0.8303494750503322], "name": "abretesesamo"}, {"R": [[1.0, 0.0, 0.0], [0.0, 1.0, 0.0], [0.0, 0.0, 1.0]], "t": [0.0, 0.0, 0.0], "name": "ervilhamigalhas"}]}