{"cameras": [{"R": [[0.9999999999999999, 1.9439412462893298e-16, 2.0054085447785977e-16], [1.9439412462893298e-16, 1.0000000000000002, 6.757618082175927e-17], [2.0054085447785977e-16, 6.757618082175927e-17, 0.9999999999999994]], "t": [[0.21553011919911833], [-0.21133100877904248], [-0.9232275279040862]], "name": "ervilhamigalhas"}, {"R": [[-0.6916718205856204, 0.23264037676148588, 0.6837167159782237], [0.04747652315110455, 0.9592969217555186, -0.2783799483796727], [-0.7206497570645923, -0.16008707321536206, -0.6745636045860188]], "t": [[-0.21553011919911833], [0.2113310087790421], [0.9232275279040869]], "name": "abretesesamo"}]}