{"cameras": [{"R": [[1.0, 0.0, 0.0], [0.0, 1.0, 0.0], [0.0, 0.0, 1.0]], "t": [0.0, 0.0, 0.0], "name": "fernando"}, {"R": [[-0.1921853574478167, 0.15138251850622858, -0.969612356291609], [0.15895625602322194, 0.9797853473429873, 0.12146432316965224], [0.9683995544473029, -0.13078228558445176, -0.21236359557036144]], "t": [1.7066684360975064, -0.3878650264920321, -0.7757190849689949], "name": "ervilhamigalhas"}]}