{"cameras": [{"R": [[0.9999999999999998, -1.3547108957585933e-17, 4.2901754726989116e-17], [-1.3547108957585933e-17, 0.9999999999999998, -1.4489910784078507e-17], [4.2901754726989116e-17, -1.4489910784078507e-17, 1.0000000000000002]], "t": [[-0.01785745368812557], [0.044882658458574816], [0.2977045685112966]], "name": "ervilhamigalhas"}, {"R": [[0.9896354651127676, 0.13703506954088251, -0.04293059406718128], [-0.14165035779399474, 0.9806645191756062, -0.1350269490394795], [0.023597083037297194, 0.13970859152536852, 0.989911454184731]], "t": [[0.014002273241744405], [0.005035802612151543], [0.035415993137448656]], "name": "abretesesamo"}, {"R": [[0.9720304396201288, 0.1357204332409984, -0.19166843363677497], [-0.17700480551971529, 0.9597477933376622, -0.21806758586827094], [0.15435712900552054, 0.2458945651785816, 0.9569272383733308]], "t": [[0.003855180446381171], [-0.049918461070726325], [-0.3331205616487454]], "name": "fernando"}]}