{"cameras": [{"R": [[0.9999999999999998, 1.7507438938022253e-16, 2.4490119625226233e-16], [1.7507438938022253e-16, 1.0000000000000002, -2.4608383449289023e-16], [2.4490119625226233e-16, -2.4608383449289023e-16, 1.0]], "t": [[0.20275736223641183], [-0.10920095060408451], [-0.42913958230215987]], "name": "ervilhamigalhas"}, {"R": [[-0.21571429805400022, 0.13300639178112833, -0.9673554886185506], [0.6502610572483998, 0.758619958294333, -0.040697866082854105], [0.7284421041107269, -0.6378127143785002, -0.2501340487336083]], "t": [[0.6769822266612966], [0.07281583774348076], [0.4017688175556211]], "name": "abretesesamo"}, {"R": [[0.1958543861146113, 0.11575086489992667, 0.9737775909901536], [-0.643225651473998, 0.7647095513837487, 0.03847159092520749], [-0.7402039048299587, -0.6338935551789311, 0.2242256452261781]], "t": [[-0.8797395888977083], [0.036385112860604085], [0.027370764746538573]], "name": "fernando"}]}