{"markers": [{"R": [[1.0000000000000002, -6.3958887496317026e-18, -3.8398184964943233e-16], [-6.3958887496317026e-18, 0.9999999999999998, -3.0726838036095377e-16], [-3.8398184964943233e-16, -3.0726838036095377e-16, 1.0]], "t": [[-0.00047007050060661937], [0.09555824075036728], [0.02634309690350701]], "name": "a"}, {"R": [[0.9998817120207221, 0.0059439669762440155, 0.014185599144748737], [-0.0026129351283086565, 0.974545654841819, -0.22417390392047276], [-0.01515699628968189, 0.22411032079204973, 0.9744459090057074]], "t": [[0.00038413476567601], [0.000870888590804479], [-0.0035992323324662897]], "name": "b"}, {"R": [[0.9985933562953734, 0.0005083700621667266, 0.053019339137924525], [0.012924955765858146, 0.9674553267964509, -0.2527115671504246], [-0.05142231306731569, 0.2530413646284982, 0.9660878911909387]], "t": [[8.593573493058415e-05], [-0.09642912934117175], [-0.022743864571040696]], "name": "r"}]}