{"cameras": [{"R": [[0.9999999999999999, -3.1781624083594325e-17, 6.340820396547855e-17], [-3.1781624083594325e-17, 1.0000000000000009, 1.582124507604876e-16], [6.340820396547855e-17, 1.582124507604876e-16, 1.0]], "t": [[-0.0068089402301989895], [-0.10389464468657493], [-0.28086753173238854]], "name": "ervilhamigalhas"}, {"R": [[0.989611622839521, 0.13785134189234113, -0.04081474585747546], [-0.14218121692638958, 0.9804750027134678, -0.1358428158106179], [0.02129172360942999, 0.14023471963999307, 0.9898893301340468]], "t": [[-0.03240267391472381], [-0.0022703085679435693], [-0.033451610502398865]], "name": "abretesesamo"}, {"R": [[0.9716690700563689, 0.13465192010431137, -0.19423717128298063], [-0.17414511426327797, 0.9635242471328359, -0.20321049275402386], [0.15978954119097372, 0.2312788049072491, 0.9596756832006602]], "t": [[0.039211614144922746], [0.10616495325451838], [0.31431914223478746]], "name": "fernando"}]}