{"cameras": [{"R": [[1.0000000000000004, 3.521173416723447e-16, 1.3984975755458845e-16], [3.521173416723447e-16, 1.0000000000000004, 2.81975534205893e-17], [1.3984975755458845e-16, 2.81975534205893e-17, 0.9999999999999999]], "t": [[-0.1922940015608467], [-0.09401391854410171], [-1.1028578397296156]], "name": "ervilhamigalhas"}, {"R": [[-0.6632571092668957, 0.222139726329913, 0.7146635215211374], [0.09305563375458588, 0.9720008345089485, -0.2157661390034141], [-0.7425837703811293, -0.07660495871665003, -0.6653578167171154]], "t": [[-0.6799671831772929], [0.25614741698021815], [0.7079496798308257]], "name": "abretesesamo"}, {"R": [[-0.2094969392111009, 0.2461092358202196, -0.9463304267036797], [0.08189556573688989, 0.9688225867674874, 0.23382880849414187], [0.974373721307084, -0.02851384599002855, -0.2231206216669407]], "t": [[0.8722611847381396], [-0.16213349843611585], [0.39490815989878986]], "name": "fernando"}]}