{"cameras": [{"R": [[0.9999999999999994, 8.34510133850791e-18, 1.939705600032943e-16], [8.34510133850791e-18, 1.0000000000000002, -1.5314842746800717e-16], [1.939705600032943e-16, -1.5314842746800717e-16, 1.0]], "t": [[-0.23838653739595733], [-0.09184535987595084], [-1.0896373790836498]], "name": "ervilhamigalhas"}, {"R": [[-0.7060645604908006, 0.21388040025299207, 0.6750762999887883], [0.08194713204773732, 0.9715721403010791, -0.22210863049402538], [-0.7033900084363469, -0.1015024658734982, -0.7035195416287423]], "t": [[-0.6524053556274735], [0.2633922351214351], [0.7418116473116646]], "name": "abretesesamo"}, {"R": [[-0.14800480941985258, 0.2143581181699305, -0.9654766561461954], [0.09103442280436416, 0.9750365280698193, 0.20252531395909235], [0.9847879519232907, -0.05791688962814544, -0.16382406307539787]], "t": [[0.8907918930234306], [-0.17154687524548465], [0.3478257317719857]], "name": "fernando"}]}