{"cameras": [{"R": [[1.0000000000000004, 9.371455573584252e-17, -3.561922561151222e-17], [9.371455573584252e-17, 1.0000000000000009, -1.4888190660889063e-16], [-3.561922561151222e-17, -1.4888190660889063e-16, 1.0000000000000009]], "t": [[0.18634891690040498], [-0.11744185641767461], [-0.45055617987852253]], "name": "ervilhamigalhas"}, {"R": [[-0.19739561404064576, 0.09824073915062316, -0.9753890140496023], [0.5879464883593913, 0.8080253585355616, -0.037602483818725274], [0.7844449619848272, -0.5808991109776436, -0.2172609594059799]], "t": [[0.6715393514926532], [0.08775298754277115], [0.3725804848286095]], "name": "abretesesamo"}, {"R": [[0.18268050753241383, 0.10043399642520087, 0.9780290611887577], [-0.5880717584219176, 0.8083635774763894, 0.02683157759297265], [-0.7879082682103634, -0.58005287601359, 0.2067346654872128]], "t": [[-0.8578882683930581], [0.029688868874903587], [0.07797569504991336]], "name": "fernando"}]}