{"cameras": [{"R": [[1.0000000000000004, -4.306554310336165e-17, -3.2111984351739895e-16], [-4.306554310336165e-17, 1.0, -3.5804812447950066e-16], [-3.2111984351739895e-16, -3.5804812447950066e-16, 1.0000000000000002]], "t": [[0.02457517289103628], [-0.11397843337318411], [0.44938124376372024]], "name": "ervilhamigalhas"}, {"R": [[-0.306503166487966, -0.05615275480328122, 0.9502119116601585], [0.5293148115079254, 0.8196273135882818, 0.21917321263873926], [-0.7911268161623521, 0.5701385225960957, -0.22149588213048418]], "t": [[-0.7781927073285557], [-0.1759191403210678], [-0.09720101119739973]], "name": "abretesesamo"}, {"R": [[0.29227038140158906, -0.08548266808990865, -0.9525076050150995], [-0.6315548996520807, 0.7306640574062451, -0.25936160845447925], [0.7181339936814166, 0.6773645611270744, 0.15956446486704193]], "t": [[0.7536175344375196], [0.289897573694252], [-0.35218023256632147]], "name": "fernando"}]}