{"cameras": [{"R": [[1.0, 0.0, 0.0], [0.0, 1.0, 0.0], [0.0, 0.0, 1.0]], "t": [0.0, 0.0, 0.0], "name": "ervilhamigalhas"}, {"R": [[-0.20185292040384914, 0.15460109534156163, -0.9671369602303631], [0.14723151937986226, 0.9810317849989434, 0.1260932850031453], [0.9682862584099471, -0.1169407462819385, -0.22078628497596706]], "t": [-1.2760080777947915, -0.013391825203857564, 1.4627736536646316], "name": "fernando"}]}