{"cameras": [{"R": [[0.9999999999999987, -4.2500725161431774e-16, 5.551115123125783e-16], [-4.2500725161431774e-16, 0.999999999999999, 2.220446049250313e-16], [5.551115123125783e-16, 2.220446049250313e-16, 0.9999999999999992]], "t": [[0.4152738273666116], [-0.011602392182821315], [-0.03736021316137848]], "name": "fernando"}, {"R": [[0.9970232436219219, 0.02348559961692128, 0.07343758089870689], [-0.006795329349012429, 0.9755383970731469, -0.21972405270018314], [-0.07680153108277735, 0.21857095517608943, 0.9727940493119559]], "t": [[-0.404038886742103], [0.005082881710951719], [0.029538568206465006]], "name": "ervilhamigalhas"}, {"R": [[0.9996746311907081, 0.009996597860352037, 0.023466993521517376], [-0.005811995379355121, 0.9850727434537173, -0.1720404336610322], [-0.024836514719881103, 0.17184806701206795, 0.9848103316886885]], "t": [[-0.01123494062450868], [0.006519510471869574], [0.00782164495491348]], "name": "abretesesamo"}]}