{"cameras": [{"R": [[1.0000000000000002, -1.4935605376546835e-16, 1.2335605000348676e-17], [-1.4935605376546835e-16, 1.0000000000000002, -1.9979188412321001e-16], [1.2335605000348676e-17, -1.9979188412321001e-16, 1.0]],
     "t": [[-0.00751719662556446], [-0.10314163968944211], [0.2819742667123694]], "name": "ervilhamigalhas"},
      {"R": [[0.9900287301025362, -0.13464421961526069, 0.04140105911395854], [0.13905161950970135, 0.9811324374645892, -0.1343271650356814], [-0.022533545732734396, 0.1387446369377621, 0.990071797920595]],
         "t": [[-0.026810176851779444], [-0.01213266922730648], [-0.03211203467497288]], "name": "abretesesamo"},
          {"R": [[0.9719436343689907, -0.13346719974272706, 0.1936803505842378], [0.1738665684316432, 0.9622441623292636, -0.20941964675039193], [-0.1584171328846821, 0.23721863049956496, 0.9584525723020977]],
             "t": [[0.034327373477343937], [0.1152743089167486], [-0.3140863013873424]], "name": "fernando"}]}