{"cameras": [{"R": [[0.999999999999999, 3.6631926523765637e-16, 1.798431474529816e-17], [3.6631926523765637e-16, 0.9999999999999996, -4.2809148822920285e-17], [1.798431474529816e-17, -4.2809148822920285e-17, 0.9999999999999992]], "t": [[0.18622767741076204], [-0.12480422920891322], [-0.43915011353636735]], "name": "ervilhamigalhas"}, {"R": [[-0.20254532576143025, 0.011626628805002412, -0.9792038666768147], [0.5843210447030902, 0.8038511513969135, -0.11132045236587897], [0.785839874102405, -0.5947168636422587, -0.16960997721310278]], "t": [[0.6760728798341568], [0.1260634235488752], [0.35391058966548616]], "name": "abretesesamo"}, {"R": [[0.20655932101375668, 0.07522063020493876, 0.9755383660799338], [-0.5849568590185635, 0.8087294234966305, 0.061499533802656624], [-0.7843205467087242, -0.5833511604191589, 0.21105142417938882]], "t": [[-0.8623005572449188], [-0.0012591943399619387], [0.08523952387088055]], "name": "fernando"}]}