{"cameras": [{"R": [[1.0, 0.0, 0.0], [0.0, 1.0, 0.0], [0.0, 0.0, 1.0]], "t": [0.0, 0.0, 0.0], "name": "abretesesamo"}, {"R": [[-0.9999889990530297, -0.0012099395025342193, -0.0045318670898438825], [-0.001240186930866951, 0.9999769359800171, 0.0066775328073035555], [0.004523683156047473, 0.006683079710456666, -0.9999674358379311]], "t": [-0.7081229218862671, 0.5200813796067266, 14.437584100438155], "name": "fernando"}]}