{"cameras": [{"R": [[0.9999999999999991, 2.0234263298998687e-16, 1.2286638306639809e-16], [2.0234263298998687e-16, 0.9999999999999996, 1.897709247854869e-16], [1.2286638306639809e-16, 1.897709247854869e-16, 0.9999999999999988]], "t": [[-0.23153660886475214], [-0.14835323884023124], [-1.110890068883091]], "name": "ervilhamigalhas"}, {"R": [[-0.6952302419984627, 0.23285965689741162, 0.6800230075522282], [0.040343173847831294, 0.9572201033035705, -0.28653464390084665], [-0.7176540524059215, -0.17177326340592397, -0.6748826616858934]], "t": [[-0.6618496655450267], [0.2806500626202784], [0.7008784608291545]], "name": "abretesesamo"}, {"R": [[-0.2053145277425525, 0.16144283371384938, -0.9652886387709607], [0.15746592571428158, 0.9789001401675861, 0.13022671699318988], [0.9659453540117039, -0.12526263218662845, -0.22640416524631485]], "t": [[0.8933862744097787], [-0.1322968237800471], [0.41001160805393577]], "name": "fernando"}]}