{"cameras": [{"R": [[1.0, 0.0, 0.0], [0.0, 1.0, 0.0], [0.0, 0.0, 1.0]], "t": [0.0, 0.0, 0.0], "name": "ervilhamigalhas"}, {"R": [[-0.21501616081163935, 0.14140834057424043, -0.9663186492073216], [0.11728263769921317, 0.986039606770683, 0.11819761746258785], [0.9695425898247781, -0.08791800211308717, -0.2285991938312665]], "t": [-1.285703593676713, -0.057567761583618114, 1.5006407388446132], "name": "fernando"}]}