{"cameras": [{"R": [[0.9999999999999996, 2.6287449523095195e-16, -4.476032292169775e-17], [2.6287449523095195e-16, 1.0000000000000002, -6.088721974946571e-17], [-4.476032292169775e-17, -6.088721974946571e-17, 0.9999999999999999]], "t": [[0.047936886481797995], [0.20823031913873996], [-0.6402272734986009]], "name": "fernando"}, {"R": [[0.9315543424061861, 0.04608912570032142, 0.3606692385501679], [-0.03156685858526131, 0.9984399724677645, -0.04605599654365634], [-0.3622292652219534, 0.03151846872472025, 0.9315559808975589]], "t": [[-0.6163811407535649], [0.054075855261928235], [-0.7030244386569725]], "name": "ervilhamigalhas"}, {"R": [[-0.9364890405832345, -0.009137292118899753, -0.3505777898843937], [0.004167963276855577, 0.9992999283117868, -0.037179044610918956], [0.35067207609049106, -0.03627896317140037, -0.935795347221599]], "t": [[0.5684442542717664], [-0.2623061744006681], [1.3432517121555734]], "name": "quim"}]}