{"cameras": [{"R": [[1.0000000000000002, -8.384114868052429e-17, -7.307075178127133e-17], [-8.384114868052429e-17, 1.0000000000000002, 2.469353148323264e-16], [-7.307075178127133e-17, 2.469353148323264e-16, 1.0000000000000002]], "t": [[-0.05151648292929713], [-0.06650377988643591], [-0.12549980073413697]], "name": "fernando"}, {"R": [[0.9901147393977443, 0.013998072526905797, -0.13955950986180943], [-0.0011371397224148822, 0.9957758377174738, 0.09181060903466345], [0.14025515940808966, -0.09074433857599921, 0.9859482518245145]], "t": [[0.05151648292929713], [0.06650377988643594], [0.12549980073413697]], "name": "abretesesamo"}]}