{"cameras": [{"R": [[-0.9999766646676933, -0.0017531163143703395, -0.006602779964803649], [-0.0017952250901054647, 0.9999780558321426, 0.006376913128124744], [0.006591455601851499, 0.006388617796994607, -0.9999578682503042]], "t": [-0.7202496879236007, 0.5351646666173632, 14.439013513982646], "name": "abretesesamo"}, {"R": [[1.0, 0.0, 0.0], [0.0, 1.0, 0.0], [0.0, 0.0, 1.0]], "t": [0.0, 0.0, 0.0], "name": "fernando"}]}