{"cameras": [{"R": [[1.0, 0.0, 0.0], [0.0, 1.0, 0.0], [0.0, 0.0, 1.0]], "t": [0.0, 0.0, 0.0], "name": "abretesesamo"}, {"R": [[-0.999989904956032, -0.0011135446358170585, -0.004353160273975447], [-0.001153306051283264, 0.9999575449994, 0.009142105005192315], [0.004342795318565205, 0.009147033241326357, -0.9999487346417834]], "t": [0.16915147012230375, -0.22381894473658623, 14.374189800579718], "name": "fernando"}]}