{"cameras": [{"R": [[1.0, 0.0, 0.0], [0.0, 1.0, 0.0], [0.0, 0.0, 1.0]], "t": [0.0, 0.0, 0.0], "name": "fernando"}, {"R": [[-0.20354470429257376, 0.13164496733926265, 0.9701748068923933], [0.15722870760495036, 0.9824531554160332, -0.1003241292907963], [-0.9663584670603997, 0.13211888580866837, -0.2206715050779105]], "t": [1.1692893319378517, 0.015437305416691825, 1.5740497283116224], "name": "ervilhamigalhas"}]}