{"cameras": [{"R": [[1.0000000000000002, -1.2278740973820166e-16, 1.8754902823484857e-16], [-1.2278740973820166e-16, 1.0, 3.365162711150468e-16], [1.8754902823484857e-16, 3.365162711150468e-16, 0.9999999999999997]], "t": [[0.02935518241234436], [0.04609511996004867], [0.02011060745564286]], "name": "abretesesamo"}, {"R": [[0.9877549182241675, 0.14340227221281365, -0.06144924611556222], [-0.13539589913306924, 0.9836149835562672, 0.11903577034468252], [0.07751239914953356, -0.10925819167369638, 0.9909866172306654]], "t": [[0.027445054989779952], [0.12288686858925404], [0.228608611886208]], "name": "ervilhamigalhas"}, {"R": [[0.9967943369642519, 0.0037254414428342505, 0.07991977779031752], [0.0027543685814437756, 0.9967252481922021, -0.08081579715569043], [-0.0799591348734792, 0.08077685746702619, 0.9935198216684136]], "t": [[-0.05680023740212432], [-0.1689819885493027], [-0.24871921934185082]], "name": "fernando"}]}