{"markers": [{"R": [[0.9999999999999999, 1.5760615252684475e-16, 8.438984418002041e-17], [1.5760615252684475e-16, 1.0000000000000002, 1.0084513376235623e-17], [8.438984418002041e-17, 1.0084513376235623e-17, 0.9999999999999997]], "t": [[-0.000446704198107607], [0.0955640375741483], [0.0263740881411898]], "name": "a"}, {"R": [[0.9998492657931438, 0.006126127690320198, 0.01624549945166208], [-0.002359979350959533, 0.9749518522607878, -0.2224034987825584], [-0.01720105201361543, 0.22233163592431499, 0.974819351201464]], "t": [[0.00037720166866971625], [0.0008739715977139266], [-0.0037197857000819496]], "name": "b"}, {"R": [[0.9985632336627405, 0.000729745093205366, 0.0535811146684189], [0.012840911361984762, 0.967515240633606, -0.25248637614154446], [-0.0520247957459225, 0.2528116425598208, 0.9661157767130187]], "t": [[6.950252943786474e-05], [-0.09643800917186224], [-0.022654302441107877]], "name": "r"}]}