{"cameras": [{"R": [[-0.1933536600133353, 0.15785448613759667, 0.9683472121949254], [0.14742008838070383, 0.9804416039712486, -0.13039010217079813], [-0.9699905565010791, 0.11754242812074779, -0.21284289485488062]], "t": [-1.2693382481174047, 0.007808870674168629, 1.4356920610574382], "name": "ervilhamigalhas"}, {"R": [[1.0, 0.0, 0.0], [0.0, 1.0, 0.0], [0.0, 0.0, 1.0]], "t": [0.0, 0.0, 0.0], "name": "fernando"}]}