{"cameras": [{"R": [[1.0, 7.063284917535436e-17, 2.910443259737782e-16], [7.063284917535436e-17, 0.9999999999999993, -2.1071206027379134e-16], [2.910443259737782e-16, -2.1071206027379134e-16, 0.9999999999999992]], "t": [[-0.07294557864970139], [-0.004147668583238669], [-0.8466830024817025]], "name": "abretesesamo"}, {"R": [[-0.682523608957951, 0.014459985449334807, -0.7307204883098735], [0.23027409819336708, 0.9531368413538165, -0.1962243648360232], [0.693639216679857, -0.30219376313033713, -0.6538681569008238]], "t": [[0.820176745901952], [-0.008785100511877657], [0.525033902294658]], "name": "ervilhamigalhas"}, {"R": [[-0.5774347564578862, 0.027627944832288323, 0.8159692388189435], [-0.05636602184768874, 0.9956935630385059, -0.07360163112832552], [-0.8144887805338313, -0.08849307988779849, -0.5733907927378008]], "t": [[-0.7472311672522501], [0.012932769095117048], [0.3216491001870445]], "name": "fernando"}]}