{"cameras": [{"R": [[1.0, 0.0, 0.0], [0.0, 1.0, 0.0], [0.0, 0.0, 1.0]], "t": [0.0, 0.0, 0.0], "name": "fernando"}, {"R": [[-0.999670066989906, 0.0025072198497627885, 0.025563079098997077], [0.0025081833947986063, 0.9999968544872379, 5.629174392737693e-06], [-0.02556298457642763, 6.974420765807215e-05, -0.999673211082147]], "t": [0.041995552305034455, 0.014081983890957224, 1.5878342334519004], "name": "abretesesamo"}]}