{"cameras": [{"R": [[0.9999999999999998, -1.3684733843551097e-16, 4.2959131644816275e-17], [-1.3684733843551097e-16, 1.0, 1.1920086397491952e-16], [4.2959131644816275e-17, 1.1920086397491952e-16, 1.0000000000000002]], "t": [[-0.053608119654908054], [0.000756079982932545], [-1.029637120850457]], "name": "abretesesamo"}, {"R": [[-0.6926772699964941, 0.05175085010911673, -0.7193886634797547], [0.2339026249571151, 0.9596332818867547, -0.1561842704417721], [0.6822666353181691, -0.2764521908183061, -0.6768208215793778]], "t": [[0.9729296559144457], [-0.02343618139618911], [0.6513175189569027]], "name": "ervilhamigalhas"}, {"R": [[-0.5601735191612423, 0.010958002894048129, 0.8283028133497332], [-0.06008091019725547, 0.9967416169792176, -0.0538185210826537], [-0.8261936290364253, -0.07991289729592306, -0.5576898924898969]], "t": [[-0.9193215362595377], [0.02268010141325617], [0.3783196018935542]], "name": "fernando"}]}