{"cameras": [{"R": [[1.0000000000000004, -3.052884647528714e-16, -3.3037264957635374e-16], [-3.052884647528714e-16, 0.9999999999999996, -6.355691177381513e-17], [-3.3037264957635374e-16, -6.355691177381513e-17, 1.0]], "t": [[0.14263703492313903], [0.5607489389442625], [0.2130456230471881]], "name": "ervilhamigalhas"}, {"R": [[0.976159967836601, -0.11869879438279436, 0.18172042649442993], [0.02093363109885576, 0.884801797368716, 0.46549711326935883], [-0.2160405061146256, -0.4505955787456869, 0.8661928908347009]], "t": [[-0.019483315986100726], [-0.2455376171647767], [-0.03411162217940189]], "name": "abretesesamo"}, {"R": [[0.9536791494640314, -0.12630346398051936, 0.2730265827059405], [0.048019517253433855, 0.9598686497399833, 0.2763083444434647], [-0.2969683583150052, -0.2503989022197641, 0.9214717488489966]], "t": [[-0.12315371893703828], [-0.31521132177948546], [-0.17893400086778616]], "name": "fernando"}]}