{"cameras": [{"R": [[1.0, 0.0, 0.0], [0.0, 1.0, 0.0], [0.0, 0.0, 1.0]], "t": [-1.6095401300219392, 0.3941802350334082, -0.9212624328323542], "name": "ervilhamigalhas"}, {"R": [[-0.1895345310499749, 0.1686345887863861, -0.9672843620179706], [0.14334668920283536, 0.9793381872593568, 0.14264796412897757], [0.9713538944351083, -0.11162029582653345, -0.20979161404914493]], "t": [0.0, 0.0, 0.0], "name": "fernando"}]}