{"cameras": [{"R": [[0.9999999999999993, 1.6283669714605207e-16, 2.9883171543319296e-16], [1.6283669714605207e-16, 0.9999999999999997, 2.4350647154243116e-16], [2.9883171543319296e-16, 2.4350647154243116e-16, 0.9999999999999988]], "t": [[-0.2222532910488798], [-0.15915979490246238], [-1.1061041775117304]], "name": "ervilhamigalhas"}, {"R": [[-0.7035086510104068, 0.23135804212904354, 0.671973983347371], [0.04096897882348997, 0.957157749471092, -0.28665412154998654], [-0.7095048419339207, -0.17413356646450912, -0.6828472598631935]], "t": [[-0.6563253409545127], [0.2912202116515887], [0.7037356533456574]], "name": "abretesesamo"}, {"R": [[-0.22048918951213753, 0.13266553806935263, -0.9663251897353445], [0.16640583084275143, 0.9812992146125019, 0.09675200702011558], [0.9610898068181832, -0.13946937445065086, -0.23844218758543875]], "t": [[0.8785786320033926], [-0.13206041674912575], [0.40236852416607194]], "name": "fernando"}]}