{"cameras": [{"R": [[1.0000000000000002, -2.313751925302316e-16, -3.116405551706463e-16], [-2.313751925302316e-16, 1.0000000000000002, -3.713382371265196e-16], [-3.116405551706463e-16, -3.713382371265196e-16, 1.0000000000000002]], "t": [[0.1838046402193863], [-0.11876373439568533], [-0.44963032474093007]], "name": "ervilhamigalhas"}, {"R": [[-0.19575581605754586, 0.09167511607573166, -0.9763581994187097], [0.5878095376011834, 0.8079086458369458, -0.041994850720002204], [0.7849583479298292, -0.5821333980063449, -0.2120403238557684]], "t": [[0.6744363128901052], [0.08543596567363981], [0.3744713070541599]], "name": "abretesesamo"}, {"R": [[0.18272684343136616, 0.1015583038886622, 0.9779042957267683], [-0.5879716261493797, 0.8084666636754878, 0.02590406471345848], [-0.7879722504840273, -0.5797133469540645, 0.20744196255929903]], "t": [[-0.8582409531094917], [0.033327768722045924], [0.07515901768677019]], "name": "fernando"}]}