{"cameras": [{"R": [[0.9999999999999998, -9.028574764491462e-17, 2.515236932101781e-16], [-9.028574764491462e-17, 0.9999999999999994, -3.086547385544282e-16], [2.515236932101781e-16, -3.086547385544282e-16, 1.0000000000000004]], "t": [[0.07322786612338902], [-0.18593570060677034], [0.40267027946126244]], "name": "ervilhamigalhas"}, {"R": [[-0.3094230077190618, 0.5190214163761837, 0.7967899168770584], [-0.05300562919958576, 0.8271942092964422, -0.5594105320599443], [-0.9494460519520028, -0.2153288402636625, -0.22844186346521683]], "t": [[-0.6763946491897203], [-0.3435245809129621], [-0.03967722798891944]], "name": "abretesesamo"}, {"R": [[0.29885300664026443, -0.6289810634068564, -0.7176835669692135], [-0.09399346601113015, 0.7289952336902858, -0.6780347908507794], [0.9496589433945685, 0.27009030181112526, 0.15874230720978752]], "t": [[0.6031667830663312], [0.5294602815197321], [-0.36299305147234306]], "name": "fernando"}]}