{"cameras": [{"R": [[0.11087867684880032, -0.24778181660594925, 0.9624500456541707], [0.07902289372414585, -0.9631571034978647, -0.2570676491685921], [0.9906872873352732, 0.10455890847297404, -0.08721314907293845]], "t": [[0.2702173873175711], [-0.12028662895245243], [-0.04144498788192478]], "name": "ervilhamigalhas"}, {"R": [[0.17320887066130394, -0.10878976066214692, 0.9788582507693896], [0.20673109971175146, -0.9677230284726241, -0.14413324590719012], [0.9629438922056707, 0.22732559939180955, -0.14512798601561566]], "t": [[0.03412128289321653], [-0.02083910933628091], [0.011432519823057154]], "name": "abretesesamo"}, {"R": [[0.30929940361071717, -0.016171920982682282, 0.9508271913958839], [0.19864275045936114, -0.9766999688538993, -0.08122948067501042], [0.9299865249647409, 0.21399915843881637, -0.2988802830089054]], "t": [[-0.30433867021078764], [0.14112573828873332], [0.030012468058867606]], "name": "fernando"}]}