{"cameras": [{"R": [[0.9999999999999998, -1.2310606000120187e-16, 1.8007320263000305e-16], [-1.2310606000120187e-16, 0.9999999999999999, -2.8289859382306763e-16], [1.8007320263000305e-16, -2.8289859382306763e-16, 0.9999999999999997]], "t": [[-0.04252616661489195], [-0.009838489272943583], [-0.9350412944447017]], "name": "abretesesamo"}, {"R": [[-0.6884652066383552, 0.03940987112409239, -0.7241978467976753], [0.23513164168770684, 0.9567195555293356, -0.171466623997191], [0.6860967645497611, -0.2883306333460473, -0.6679346341885682]], "t": [[0.8812332615302263], [-0.005708428548527911], [0.5726523060768811]], "name": "ervilhamigalhas"}, {"R": [[-0.5639664988905818, 0.017366073297127155, 0.8256150480867811], [-0.06142083913592275, 0.9961275089808623, -0.06290839666865551], [-0.823510333055353, -0.08618819727677714, -0.5607159048941275]], "t": [[-0.8387070949153344], [0.015546917821471603], [0.3623889883678205]], "name": "fernando"}]}