{"cameras": [{"R": [[-0.6918075495374169, 0.047288278596254764, -0.720531840455672], [0.23257369619946605, 0.9592699342849549, -0.16034546770350816], [0.6836020700957198, -0.27850495845557477, -0.6746281923226343]], "t": [1.0124286444621804, -0.009582770410547439, 1.657935099368343], "name": "ervilhamigalhas"}, {"R": [[1.0, 0.0, 0.0], [0.0, 1.0, 0.0], [0.0, 0.0, 1.0]], "t": [0.0, 0.0, 0.0], "name": "abretesesamo"}]}