{"cameras": [{"R": [[1.0, 0.0, 0.0], [0.0, 1.0, 0.0], [0.0, 0.0, 1.0]], "t": [0.0, 0.0, 0.0], "name": "ervilhamigalhas"}, {"R": [[-0.21874993643752205, 0.10472674598915054, -0.9701447180617456], [0.5829222433040745, 0.811343623836815, -0.043854102666569035], [0.782528033727818, -0.575112017552988, -0.23852891584922434]], "t": [-0.6583404190751857, 0.27467877706166804, 0.6679669999268806], "name": "abretesesamo"}]}