{"cameras": [{"R": [[-0.5628571104088232, 0.022685082564411648, 0.8262428579366211], [-0.06634289435452481, 0.9951582168194175, -0.07251719703257395], [-0.823887427766011, -0.09563216261197163, -0.5586268842825802]], "t": [-0.8278155848510709, 0.017949814803588586, 1.422758023185824], "name": "fernando"}, {"R": [[1.0, 0.0, 0.0], [0.0, 1.0, 0.0], [0.0, 0.0, 1.0]], "t": [0.0, 0.0, 0.0], "name": "abretesesamo"}]}