{"cameras": [{"R": [[1.0, 0.0, 0.0], [0.0, 1.0, 0.0], [0.0, 0.0, 1.0]], "t": [0.0, 0.0, 0.0], "name": "fernando"}, {"R": [[-0.18815753086102377, 0.14148755443390354, 0.9718940351296513], [0.16936855222792221, 0.9794180492351547, -0.10979334382658244], [-0.9674249516611098, 0.14394984116947707, -0.2082484240775468]], "t": [1.1272737358931033, 0.002221562192394244, 1.522716331648217], "name": "ervilhamigalhas"}]}