{"cameras": [{"R": [[1.0, 0.0, 0.0], [0.0, 1.0, 0.0], [0.0, 0.0, 1.0]], "t": [0.0, 0.0, 0.0], "name": "abretesesamo"}, {"R": [[-1952.2860384003138, 58.864155528002684, 166.0469303382033], [86.54467499401918, 1962.8797357479575, 200.38948501140376], [-160.63968423361837, 199.07410202341927, -1934.9838861761018]], "t": [-175.83800577557082, -232.21764149020643, 3371.15308469704], "name": "ervilhamigalhas"}]}