{"cameras": [{"R": [[1.0, -1.991323708865114e-17, 7.284931297817901e-17], [-1.991323708865114e-17, 0.9999999999999996, 4.975214994677717e-16], [7.284931297817901e-17, 4.975214994677717e-16, 0.9999999999999991]], "t": [[0.2004364218408284], [-0.11267643253559514], [-0.43277310230558047]], "name": "ervilhamigalhas"}, {"R": [[-0.2139477307833891, 0.10200218142809664, -0.9715049786164494], [0.5838329727883756, 0.8107100780879313, -0.04345375900595187], [0.783176498867098, -0.57649347287768, -0.23300181834420158]], "t": [[0.6786032029019737], [0.0760283461050964], [0.3975993605882889]], "name": "abretesesamo"}, {"R": [[0.20758493972638828, 0.09927825680944327, 0.9731661320266286], [-0.586942722722472, 0.8085005980429414, 0.04272029034704743], [-0.7825642037826177, -0.5800608680897916, 0.22610319827236808]], "t": [[-0.8790396247428023], [0.03664808643049861], [0.035173741717291804]], "name": "fernando"}]}