{"cameras": [{"R": [[1.0, 0.0, 0.0], [0.0, 1.0, 0.0], [0.0, 0.0, 1.0]], "t": [0.0, 0.0, 0.0], "name": "fernando"}, {"R": [[-0.21160875405545035, 0.13240243105831304, 0.9683446346507779], [0.16189758031351084, 0.9818421857465746, -0.09886908403044667], [-0.9638521197236279, 0.1358510895732448, -0.2292020348208802]], "t": [1.1762332941637101, 0.008563517312879678, 1.5861657765835278], "name": "ervilhamigalhas"}]}