{"cameras": [{"R": [[0.9999999999999993, -8.230225882327023e-17, 2.0599787071583653e-16], [-8.230225882327023e-17, 0.9999999999999997, 1.4929803901209809e-16], [2.0599787071583653e-16, 1.4929803901209809e-16, 0.9999999999999999]], "t": [[0.0244527256368553], [-0.1136535532195034], [0.45006323358297506]], "name": "ervilhamigalhas"}, {"R": [[-0.3060071299592321, -0.057719482418453344, 0.9502779055431408], [0.5279526408032111, 0.8203278227850154, 0.21983692190737955], [-0.7922282786438697, 0.568973395260395, -0.22055300950753073]], "t": [[-0.7778824164910767], [-0.17589159097425816], [-0.09692087774924092]], "name": "abretesesamo"}, {"R": [[0.293492647287456, -0.08434955897661554, -0.9522327540515767], [-0.6321034087283598, 0.7301403007184133, -0.2595003312922988], [0.7171522478959322, 0.6780710089417445, 0.16097316599525366]], "t": [[0.7534296908542214], [0.28954514419376143], [-0.3531423558337343]], "name": "fernando"}]}