{"cameras": [{"R": [[0.9999999999999998, -9.918360987051243e-17, 3.196382004019755e-16], [-9.918360987051243e-17, 0.9999999999999997, 3.947656226003786e-16], [3.196382004019755e-16, 3.947656226003786e-16, 0.9999999999999994]], "t": [[0.19892133038953916], [-0.05149364594999674], [-0.44445845417577595]], "name": "ervilhamigalhas"}, {"R": [[-0.3092376960313755, -0.07216419905197903, -0.9482427831143209], [0.523212148209558, 0.8197282797188865, -0.23301200697615235], [0.7941165502110795, -0.5681882397624056, -0.21573369898222397]], "t": [[0.6653350367225471], [0.20435219001881053], [0.36926275711420004]], "name": "abretesesamo"}, {"R": [[0.30113001714936855, -0.08163316153554857, 0.9500824910024035], [-0.6398457568159677, 0.7214461736316291, 0.2647882664259944], [-0.7070488810939616, -0.6876419457028436, 0.16501646661404606]], "t": [[-0.8642563671120863], [-0.15285854406881366], [0.075195697061576]], "name": "fernando"}]}