{"cameras": [{"R": [[1.0, 0.0, 0.0], [0.0, 1.0, 0.0], [0.0, 0.0, 1.0]], "t": [0.0, 0.0, 0.0], "name": "abretesesamo"}, {"R": [[-1846.5746148426924, 44.84608978790012, 197.64835531828123], [84.98241614178102, 1865.903378747358, 215.61217765322303], [-192.83127291188455, 211.82303183481224, -1826.580722007136]], "t": [-119.44989137354888, -249.01901048641525, 3204.902589404158], "name": "ervilhamigalhas"}]}