{"cameras": [{"R": [[1.0, 0.0, 0.0], [0.0, 1.0, 0.0], [0.0, 0.0, 1.0]], "t": [0.0, 0.0, 0.0], "name": "abretesesamo"}, {"R": [[-0.9999738348145416, -0.0021708165269514255, -0.006900524755850917], [-0.002180089515129262, 0.9999967303880655, 0.0013365713167486476], [0.006897600742709007, 0.0013515801067817133, -0.9999752978625067]], "t": [0.01668799722492087, -0.01931310385686964, 1.5963192341384498], "name": "fernando"}]}