{"cameras": [{"R": [[1.0000000000000004, -3.305731542678631e-17, 2.460053045251738e-16], [-3.305731542678631e-17, 1.0, -1.2383661213748703e-16], [2.460053045251738e-16, -1.2383661213748703e-16, 1.0000000000000004]], "t": [[-0.20248021591096207], [-0.13249406541341235], [-1.101798473865263]], "name": "ervilhamigalhas"}, {"R": [[-0.6689892368137346, 0.2402388761201605, 0.7033766298562245], [0.06863112594177091, 0.9622475788417798, -0.26338064766625835], [-0.7400967298801849, -0.1279252884055963, -0.6602211379583376]], "t": [[-0.6713618170116409], [0.2715788526592004], [0.705109083145881]], "name": "abretesesamo"}, {"R": [[-0.20481110417421752, 0.18180354822857936, -0.961769141456741], [0.14092867374004125, 0.977837823071896, 0.15482990889323767], [0.9686028703884844, -0.10382996494997904, -0.22589337717975594]], "t": [[0.873842032922604], [-0.13908478724579093], [0.3966893907193809]], "name": "fernando"}]}