{"cameras": [{"R": [[1.0, -1.9625561907864385e-16, -1.1942909419755364e-16], [-1.9625561907864385e-16, 0.9999999999999994, 2.960733507511847e-16], [-1.1942909419755364e-16, 2.960733507511847e-16, 0.9999999999999997]], "t": [[0.02219232215221531], [-0.18638274346606132], [0.4233135421224782]], "name": "ervilhamigalhas"}, {"R": [[-0.21542210663585917, 0.6503120693899052, 0.7284830323201688], [0.13283915267512023, 0.7585790165098814, -0.6378962574176587], [-0.9674435774189234, -0.040645886836428606, -0.24980159405847585]], "t": [[-0.6676075434500734], [-0.2562761294610328], [-0.019410830806633805]], "name": "abretesesamo"}, {"R": [[0.19597676347344323, -0.643213289368012, -0.7401822563118194], [0.11569625938681052, 0.7647138303556793, -0.6338983619056329], [0.9737594588718377, 0.038593031017616096, 0.2242835130242512]], "t": [[0.6454152212978581], [0.4426588729270939], [-0.40390271131584443]], "name": "fernando"}]}