{"cameras": [{"R": [[1.0000000000000007, -6.450346795770267e-17, -3.2907190516143905e-16], [-6.450346795770267e-17, 1.0, 1.6088103564521905e-17], [-3.2907190516143905e-16, 1.6088103564521905e-17, 1.0000000000000002]], "t": [[0.13958723147057406], [0.5644141127890298], [0.21450769686486482]], "name": "ervilhamigalhas"}, {"R": [[0.9758343882948415, -0.1202617867468864, 0.1824399881322067], [0.022766871104911792, 0.8863352905460258, 0.46248396979007267], [-0.21732214843712022, -0.44715417406207775, 0.8676544406718237]], "t": [[-0.01818526190837787], [-0.24970269582337162], [-0.03277438332401328]], "name": "abretesesamo"}, {"R": [[0.9530600536622877, -0.12694489488023175, 0.2748845717334543], [0.04899076729596194, 0.9605556393620059, 0.2737385037030787], [-0.2987916311294387, -0.24742242694164684, 0.9216863370004542]], "t": [[-0.12140196956219623], [-0.3147114169656581], [-0.18173331354085168]], "name": "fernando"}]}