{"cameras": [{"R": [[1.0000000000000002, 2.5616211098270126e-16, -1.0815489311846096e-16], [2.5616211098270126e-16, 1.0000000000000013, -1.0516768597341611e-16], [-1.0815489311846096e-16, -1.0516768597341611e-16, 1.0000000000000004]], "t": [[0.18788355377186863], [-0.12517125091161294], [-0.43854421042528413]], "name": "ervilhamigalhas"}, {"R": [[-0.2009435731900336, -0.005156571796815216, -0.9795892456335596], [0.5767470954237752, 0.8076768118450094, -0.12256000786603162], [0.7918235083109502, -0.5896028980383211, -0.15932342674871305]], "t": [[0.6770756965262131], [0.1283263580511726], [0.3468540221639525]], "name": "abretesesamo"}, {"R": [[0.20021086640298066, 0.06406721411672141, 0.9776558704623469], [-0.5781531590558747, 0.8133271021669757, 0.0650995357462887], [-0.7909832701441164, -0.5782684644315234, 0.19987758602736655]], "t": [[-0.8649592502980833], [-0.0031551071395586818], [0.09169018826133268]], "name": "fernando"}]}