{"cameras": [{"R": [[0.9999999999999999, -8.360028271300235e-17, 8.500818505121426e-17], [-8.360028271300235e-17, 1.0000000000000004, -1.0771715642871392e-16], [8.500818505121426e-17, -1.0771715642871392e-16, 1.0000000000000002]], "t": [[0.1850272458555498], [-0.11942358249555045], [-0.45040708328569207]], "name": "ervilhamigalhas"}, {"R": [[-0.19682023951491998, 0.0965762794246842, -0.9756714690764379], [0.5879729003532814, 0.807957409262322, -0.03863538880698763], [0.7845697303410576, -0.5812726099435637, -0.21580660592752532]], "t": [[0.672707269181717], [0.08391262222396169], [0.3735931163368807]], "name": "abretesesamo"}, {"R": [[0.17921109992177162, 0.10480744730750784, 0.9782120325643677], [-0.5884236385155232, 0.8082747984560251, 0.02120075038824147], [-0.7884421369390283, -0.5794024932374348, 0.20652299515856018]], "t": [[-0.8577345150372669], [0.035510960271588385], [0.07681396694881187]], "name": "fernando"}]}