{"cameras": [{"R": [[0.9999999999999994, -6.1866978484512896e-18, 3.0684392344773074e-16], [-6.1866978484512896e-18, 0.9999999999999999, -3.160560510061527e-17], [3.0684392344773074e-16, -3.160560510061527e-17, 1.0]], "t": [[-0.23937419156470904], [-0.13499818831168664], [-1.0416327995042995]], "name": "ervilhamigalhas"}, {"R": [[-0.696916632335162, 0.23294846589773507, 0.6782641224556312], [0.041029737030499586, 0.9571766396316606, -0.2865823463206504], [-0.7159774914435676, -0.1718950051029199, -0.6766301345394263]], "t": [[-0.618074143835884], [0.2667274862944353], [0.6779149103422855]], "name": "abretesesamo"}, {"R": [[-0.1856432022523926, 0.1639091834877324, -0.968850030203778], [0.15371888398882877, 0.9786939240229986, 0.13612019609776566], [0.9705189880485111, -0.12366075630065479, -0.2068838108418439]], "t": [[0.857448335400593], [-0.13172929798274896], [0.36371788916201453]], "name": "fernando"}]}