{"cameras": [{"R": [[1.0000000000000007, 7.986992039828062e-17, 2.8059033101301277e-17], [7.986992039828062e-17, 1.0000000000000007, -1.3853760403571898e-16], [2.8059033101301277e-17, -1.3853760403571898e-16, 0.9999999999999997]], "t": [[-0.03820826401558939], [0.0013025729623432005], [-1.0176004992801717]], "name": "abretesesamo"}, {"R": [[-0.6939004672116741, 0.04861993341722869, -0.7184276189553997], [0.23272672679886983, 0.9593139447244915, -0.15985939475245275], [0.6814252800101455, -0.2781238169082982, -0.6769835524083685]], "t": [[0.9614890577678499], [-0.007908255470616509], [0.6501225175833938]], "name": "ervilhamigalhas"}, {"R": [[-0.5405372817040142, 0.00841919179301082, 0.8412779352256832], [-0.061961966678812944, 0.9968359434357755, -0.04978771494858766], [-0.8390352565734822, -0.07903935149063814, -0.5383053214882887]], "t": [[-0.92328079375226], [0.006605682508273473], [0.3674779816967786]], "name": "fernando"}]}