{"cameras": [{"R": [[1.0, 0.0, 0.0], [0.0, 1.0, 0.0], [0.0, 0.0, 1.0]], "t": [0.017760640167106573, -0.027850434680656108, 1.5965154934820334], "name": "abretesesamo"}, {"R": [[-0.9999824555844888, -0.0007491147670270002, -0.00587599781155875], [-0.0008260913995970047, 0.9999137359051489, 0.013108711653203873], [0.005865670994449908, 0.013113335779776091, -0.9998968118403575]], "t": [0.0, 0.0, 0.0], "name": "fernando"}]}