{"cameras": [{"R": [[0.9999999999999994, 1.9253119246589217e-16, 1.5639457068492802e-16], [1.9253119246589217e-16, 0.9999999999999997, 3.398511971049978e-16], [1.5639457068492802e-16, 3.398511971049978e-16, 0.9999999999999992]], "t": [[-0.004512762989197616], [0.03202593199496437], [-0.8871313474725234]], "name": "abretesesamo"}, {"R": [[-0.5928800540030612, 0.1430189570268484, -0.7924890027604665], [0.14111913899226497, 0.9873265490681354, 0.07260629528689416], [0.7928295088954548, -0.06878854145973938, -0.6055489298053727]], "t": [[0.9361570873911866], [0.04534718916899757], [0.8613396503737814]], "name": "quim"}, {"R": [[0.10642008541257619, -0.1928141793295549, 0.9754473115808201], [-0.21667798088071, 0.9529450736440614, 0.21200551695409298], [-0.9704253799351282, -0.23391959915104044, 0.05963390906839576]], "t": [[-0.931644324401989], [-0.07737312116396176], [0.025791697098742742]], "name": "fernando"}]}