{"cameras": [{"R": [[0.9779280127288217, 0.17837864016405505, -0.10880194232402311], [-0.07257427964193665, 0.7782948646940124, 0.6236906905873962], [0.1959330902494814, -0.6020283750157898, 0.7740620516606771]], "t": [[-0.046519409450895055], [0.19106639804589756], [0.4217191741971581]], "name": "ervilhamigalhas"}, {"R": [[-0.11536423590891896, 0.0289620661748776, 0.9929009476257101], [-0.05109452918686317, 0.9980785872219874, -0.035049719201938535], [-0.9920082873445787, -0.05477529052267951, -0.11366277045643372]], "t": [[-0.7814459846406892], [-0.13600661374996806], [-0.12596157827035473]], "name": "abretesesamo"}, {"R": [[0.09008787748214434, -0.020421414579507798, -0.9957244298285214], [-0.06330165524486077, 0.997650781964631, -0.026188121135761026], [0.9939200545184825, 0.06539023682425643, 0.08858353207027075]], "t": [[0.8279653940915841], [-0.05505978429592931], [-0.2957575959268035]], "name": "fernando"}]}