{"cameras": [{"R": [[1.0000000000000004, -2.2625583281171406e-16, -2.2769906178606777e-16], [-2.2625583281171406e-16, 0.9999999999999994, -1.0125799342972009e-16], [-2.2769906178606777e-16, -1.0125799342972009e-16, 1.0000000000000004]], "t": [[0.18486859105093176], [-0.11923862834637233], [-0.4503726116822605]], "name": "ervilhamigalhas"}, {"R": [[-0.19682856744400368, 0.0951725407541352, -0.9758077180081861], [0.5878190866251781, 0.8080147338519197, -0.03976067501126973], [0.7846828890941121, -0.5814244382244464, -0.21498461851561457]], "t": [[0.6731540186243367], [0.08475163056132334], [0.37346434997611216]], "name": "abretesesamo"}, {"R": [[0.18086426549576942, 0.10307250502899482, 0.9780921102706656], [-0.5883087578400231, 0.8082916797563674, 0.0236085976999558], [-0.7881503174619703, -0.57969010612885, 0.20682953836654447]], "t": [[-0.8580226096752683], [0.034486997785048705], [0.07690826170614873]], "name": "fernando"}]}