{"cameras": [{"R": [[0.9999999999999989, 1.6653345369377348e-16, 4.996003610813204e-16], [1.6653345369377348e-16, 0.9999999999999998, -1.1102230246251565e-16], [4.996003610813204e-16, -1.1102230246251565e-16, 0.9999999999999994]], "t": [[-0.2208591314330212], [-0.10799665814440983], [-0.8495902945567931]], "name": "fernando"}, {"R": [[0.19202348134462577, -0.6449869202346125, -0.7396748308132158], [0.10971467834723095, 0.7630848924707573, -0.6369176840362158], [0.9752382642039091, 0.04114996487437517, 0.21729475010543517]], "t": [[0.4246023241464807], [0.19796355721871595], [0.09495786124967127]], "name": "ervilhamigalhas"}, {"R": [[-0.9999364462340693, 0.009565667071146061, 0.005966699779896778], [0.009259664827374697, 0.998738099293425, -0.04936058779067637], [-0.006431337346470611, -0.04930220109934638, -0.9987632005969658]], "t": [[-0.20374319271345953], [-0.0899668990743063], [0.7546324333071207]], "name": "abretesesamo"}]}