{"cameras": [{"R": [[1.0000000000000002, -2.0114835562696937e-16, 9.616667348552501e-17], [-2.0114835562696937e-16, 1.0, 1.907127776899378e-16], [9.616667348552501e-17, 1.907127776899378e-16, 0.9999999999999997]], "t": [[-0.011213484523843222], [-0.004771388419717479], [-0.24884234586119836]], "name": "ervilhamigalhas"}, {"R": [[0.9893254700326756, 0.13951571585574218, -0.04207706470138426], [-0.14435134160612711, 0.9777923348843652, -0.1519369606708381], [0.01994503750650876, 0.15638898577150612, 0.9874941420627379]], "t": [[-0.03559345046849833], [-0.0063839484511544545], [-0.024152308942581704]], "name": "abretesesamo"}, {"R": [[0.9721188272688601, 0.13517075518221797, -0.19160859222092708], [-0.17516819658765911, 0.9618434844623428, -0.21017424747472518], [0.15588806424368773, 0.23787807452728488, 0.9587037775483875]], "t": [[0.04680693499234155], [0.011155336870871996], [0.2729946548037802]], "name": "fernando"}]}