{"cameras": [{"R": [[1.0000000000000004, -7.694047136922034e-17, -8.177585249961846e-17], [-7.694047136922034e-17, 1.0000000000000002, 7.849660148849288e-17], [-8.177585249961846e-17, 7.849660148849288e-17, 1.0]], "t": [[-0.4406311215044602], [-0.1517713192045548], [-0.22594157895676245]], "name": "ervilhamigalhas"}, {"R": [[0.054151860891592705, 0.2338661982937411, 0.9707595877752695], [0.6784909386957463, 0.7046620828431611, -0.20760875489946062], [-0.7326101433025228, 0.6698939843727302, -0.12051733332382313]], "t": [[0.0], [0.0], [0.0]], "name": "abretesesamo"}, {"R": [[0.31772035493476375, -0.5339093566099775, -0.7835780592796411], [-0.7835733863597247, 0.3174942953367671, -0.5340506723311599], [-0.5339162146337963, -0.7836696825531344, 0.3174827623638615]], "t": [[0.4406311215044603], [0.1517713192045549], [0.22594157895676253]], "name": "fernando"}]}