{"cameras": [{"R": [[0.9999999999999996, -1.3877787807814457e-17, 2.220446049250313e-16], [-1.3877787807814457e-17, 0.9999999999999994, -2.3071822230491534e-16], [2.220446049250313e-16, -2.3071822230491534e-16, 1.0000000000000002]], "t": [[0.19619443200476697], [-0.1081617623755563], [-0.7563192344124557]], "name": "abretesesamo"}, {"R": [[-0.999790217538745, 0.010973633393900548, -0.01729451600839002], [0.010597255357990165, 0.9997082255768232, 0.021706263909665104], [0.017527666493453234, 0.021518435913763317, -0.9996147947200057]], "t": [[0.23078865329664056], [-0.11162276578848052], [0.8425559268869278]], "name": "fernando"}, {"R": [[-0.21548667702501112, 0.6505779852788811, 0.7282264600350565], [0.13440841248811983, 0.758408855479985, -0.6377698539300544], [-0.9672124227268496, -0.03955114410495938, -0.2508701582947773]], "t": [[-0.42698308530140755], [0.21978452816403682], [-0.08623669247447246]], "name": "ervilhamigalhas"}]}