{"cameras": [{"R": [[1.0, 0.0, 0.0], [0.0, 1.0, 0.0], [0.0, 0.0, 1.0]], "t": [0.0, 0.0, 0.0], "name": "ervilhamigalhas"}, {"R": [[0.20531115411965525, 0.07788853590238132, 0.9755924897051218], [-0.5848825421174252, 0.8090057756089075, 0.05849843551488214], [-0.7847036013172831, -0.5826173967591541, 0.21165355436012104]], "t": [0.6997112423808773, 0.2851647848282263, 0.9045463690071781], "name": "fernando"}]}