{"cameras": [{"R": [[1.0, 0.0, 0.0], [0.0, 1.0, 0.0], [0.0, 0.0, 1.0]], "t": [0.0, 0.0, 0.0], "name": "ervilhamigalhas"}, {"R": [[-0.9853578150666671, 0.06317369021651609, -0.15836369897003483], [0.052614672349820146, 0.9961579216677715, 0.07000779493789899], [0.16217790398375875, 0.06065047372422949, -0.9848958561677785]], "t": [0.46784992999957908, -0.0515062105196425885, 1.641932034303298], "name": "abretesesamo"}]}