{"cameras": [{"R": [[1.0, 9.323758585461468e-17, 1.615282982230459e-16], [9.323758585461468e-17, 0.9999999999999998, 2.994063245851682e-16], [1.615282982230459e-16, 2.994063245851682e-16, 0.9999999999999997]], "t": [[0.726379368556626], [-0.324364685389483], [-0.0768348158424353]], "name": "abretesesamo"}, {"R": [[-0.1045430520737123, -0.4204163064932538, 0.9012884552115842], [-0.45202387686714, -0.7871497614421936, -0.4196065631082265], [0.8858584339526901, -0.4512708524778311, -0.10774717025898278]], "t": [[-0.7263793685566259], [0.32436468538948304], [0.07683481584243529]], "name": "fernando"}]}