{"cameras": [{"R": [[1.0, 1.911908920188362e-16, 8.89034922662018e-17], [1.911908920188362e-16, 1.0000000000000009, 4.26613570666231e-17], [8.89034922662018e-17, 4.26613570666231e-17, 0.9999999999999999]], "t": [[0.0069177597172591174], [0.22653605194892004], [-0.7322982493117719]], "name": "fernando"}, {"R": [[0.9276842694622822, 0.04312275471049791, 0.37086698992820866], [-0.03293791653285885, 0.9988872125607579, -0.03375544751701642], [-0.3719099216836063, 0.019098811711147856, 0.9280723277549632]], "t": [[-0.6427008562210365], [0.05299015537437273], [-0.7059951993590734]], "name": "ervilhamigalhas"}, {"R": [[-0.9113911673343749, -0.01774573636308324, -0.4111583988511207], [-0.007146741489841624, 0.9996017000811073, -0.02730137873878082], [0.4114791175636527, -0.02194379265060907, -0.9111549844966794]], "t": [[0.6357830965037774], [-0.27952620732329264], [1.4382934486708456]], "name": "quim"}]}