{"cameras": [{"R": [[0.9999999999999993, 4.203750681385234e-16, 2.6506509888412655e-16], [4.203750681385234e-16, 0.9999999999999991, -1.6977864162945971e-16], [2.6506509888412655e-16, -1.6977864162945971e-16, 0.9999999999999997]], "t": [[0.20292149020430222], [-0.10884451696610256], [-0.42898878922902256]], "name": "ervilhamigalhas"}, {"R": [[-0.21556462842311291, 0.13285477793442743, -0.9674096851659068], [0.650272366010029, 0.7586091910652025, -0.040717873656632333], [0.7284763146297366, -0.6378571181788234, -0.24992109917348618]], "t": [[0.6769258793579729], [0.07360726196290589], [0.40170504909615706]], "name": "abretesesamo"}, {"R": [[0.19612608419431485, 0.11539533963250412, 0.9737651024193168], [-0.643187102057683, 0.7647191912884863, 0.03892184761445026], [-0.7401654618024562, -0.6339467438722135, 0.22420217458484692]], "t": [[-0.8798473695622749], [0.035237255003195994], [0.027283740132864838]], "name": "fernando"}]}