{"cameras": [{"R": [[-0.21566082987174592, 0.10199283742969374, -0.9711271119539759], [0.5849374945714666, 0.8098376556450244, -0.0448452778319706], [0.7818814065467252, -0.5777200296098546, -0.23430969566815513]], "t": [0.47227294212712145, 0.18905852449554578, 0.8294484666250392], "name": "abretesesamo"}, {"R": [[1.0, 0.0, 0.0], [0.0, 1.0, 0.0], [0.0, 0.0, 1.0]], "t": [0.0, 0.0, 0.0], "name": "ervilhamigalhas"}]}