{"cameras": [{"R": [[0.9999999999999999, 7.13512292084612e-18, -1.88668122672572e-16], [7.13512292084612e-18, 0.9999999999999998, -2.4832402565958995e-16], [-1.88668122672572e-16, -2.4832402565958995e-16, 0.9999999999999997]], "t": [[29.00662775626513], [46.263281099164914], [19.720213476984583]], "name": "abretesesamo"}, {"R": [[0.9870325199914207, 0.14634228692409823, -0.06596013597022266], [-0.1374254633348285, 0.9827332541685987, 0.1238934751244135], [0.08295207355210092, -0.11322228671520813, 0.9901008369274237]], "t": [[26.794778605885778], [125.30354519946323], [227.29343949298325]], "name": "ervilhamigalhas"}, {"R": [[0.9966971061071562, 0.006931814506133917, 0.08091247509051108], [-0.0013145734769503194, 0.9975969808034709, -0.06927146445956149], [-0.08119821780183194, 0.0689363027689411, 0.9943111362075528]], "t": [[-55.80140636215089], [-171.56682629862837], [-247.01365296996778]], "name": "fernando"}]}