{"cameras": [{"R": [[0.9999999999999994, -5.2717870493953235e-17, 1.38648429101106e-16], [-5.2717870493953235e-17, 1.0000000000000004, -2.6378248385611793e-16], [1.38648429101106e-16, -2.6378248385611793e-16, 0.9999999999999996]], "t": [[0.18503720251565786], [-0.11965607901102868], [-0.45025644841366214]], "name": "ervilhamigalhas"}, {"R": [[-0.19641798736392999, 0.09555897525687361, -0.9758526817546584], [0.5879178090774099, 0.8079695333972288, -0.03921584974831588], [0.7847118095259686, -0.5814238689198444, -0.21488057297196117]], "t": [[0.6729412546597917], [0.08406826544323413], [0.37279856049508675]], "name": "abretesesamo"}, {"R": [[0.17976660676471665, 0.10456703538828933, 0.9781358301393543], [-0.5883386032030051, 0.8083230606301368, 0.021714456812597722], [-0.7883791315562814, -0.5793786022659393, 0.20683031732057525]], "t": [[-0.8579784571754497], [0.03558781356779424], [0.07745788791857505]], "name": "fernando"}]}