{"cameras": [{"R": [[1.0000000000000002, 2.492639651128442e-16, -8.192237746641595e-17], [2.492639651128442e-16, 1.0000000000000004, 6.470760751320014e-17], [-8.192237746641595e-17, 6.470760751320014e-17, 1.0000000000000007]], "t": [[-0.01957664422185389], [0.048823099179297745], [0.29535589254323136]], "name": "ervilhamigalhas"}, {"R": [[0.9895786498015701, 0.13813386697893218, -0.04065870940338383], [-0.14241754695960437, 0.9805806635658624, -0.13482879721610713], [0.02124472110692257, 0.1392142127592585, 0.9900343755602175]], "t": [[0.015107589824892477], [0.009719481228557047], [0.03629222887236078]], "name": "abretesesamo"}, {"R": [[0.9728670927921248, 0.13280287927626622, -0.18945451965612492], [-0.16917357197840086, 0.966913730976786, -0.1909401460998213], [0.15782877527963135, 0.21781008265111557, 0.9631452878923544]], "t": [[0.004469054396961426], [-0.05854258040785473], [-0.3316481214155921]], "name": "fernando"}]}