{"cameras": [{"R": [[1.0, -6.523840377646647e-17, -1.660277155613608e-16], [-6.523840377646647e-17, 0.9999999999999996, -4.499792701756829e-16], [-1.660277155613608e-16, -4.499792701756829e-16, 1.0]], "t": [[0.030300572343483042], [0.04962463787326009], [0.2932963487452654]], "name": "ervilhamigalhas"}, {"R": [[0.9895528035861142, -0.1378080041896975, 0.04235803225025773], [0.1423962796241087, 0.9801929732421207, -0.13764096321947114], [-0.02255101913604329, 0.1422346272467555, 0.989576051826186]], "t": [[0.04746054112527469], [0.0171287086101281], [0.027165184678237475]], "name": "abretesesamo"}, {"R": [[0.9721026214716944, -0.13448444011129362, 0.19217291353312854], [0.17393753507095203, 0.9629782126337516, -0.2059579954411718], [-0.1573601830874025, 0.2336383901687735, 0.9595055369397527]], "t": [[-0.07776111346875773], [-0.06675334648338821], [-0.32046153342350286]], "name": "fernando"}]}