{"cameras": [{"R": [[1.0, -7.607288509513618e-17, 1.7986452276545604e-16], [-7.607288509513618e-17, 1.0000000000000004, -1.1349217731939478e-16], [1.7986452276545604e-16, -1.1349217731939478e-16, 1.0000000000000002]], "t": [[-0.021032156824764895], [-0.012279036525105027], [-0.8009003701955348]], "name": "fernando"}, {"R": [[-0.9996784669801217, -0.00570180619366657, -0.02470732811138704], [-0.0041824536379201725, 0.9981219664155626, -0.06111503285033637], [0.02500939299224393, -0.060992045094920934, -0.997824884785552]], "t": [[0.021032156824764895], [0.012279036525104838], [0.8009003701955354]], "name": "abretesesamo"}]}