{"cameras": [{"R": [[0.9999999999999992, 9.351437114142603e-17, 3.8921465425800125e-16], [9.351437114142603e-17, 0.9999999999999996, 3.89742354751247e-16], [3.8921465425800125e-16, 3.89742354751247e-16, 0.9999999999999996]], "t": [[-0.011728652251397742], [0.021492383029521275], [-0.892760049131746]], "name": "abretesesamo"}, {"R": [[-0.5951842490519654, 0.1420978452461422, -0.7909259839307663], [0.13774808904045227, 0.9877143932094276, 0.07379526687150079], [0.7916951267035505, -0.0650267623623986, -0.607445756039593]], "t": [[0.9119954676253885], [0.03412348196754449], [0.8204261507053472]], "name": "quim"}, {"R": [[0.050451274317574055, -0.18709477533940688, 0.9810454698740669], [-0.216600517414789, 0.9568670218561373, 0.19362261835801226], [-0.9749558373461736, -0.2222634642150244, 0.007750335460985233]], "t": [[-0.9002668153739909], [-0.05561586499706563], [0.0723338984263985]], "name": "fernando"}]}