{"cameras": [{"R": [[1.0000000000000007, -5.129600139562468e-16, -2.7683802323463154e-17], [-5.129600139562468e-16, 1.0000000000000004, -1.9815330720150822e-17], [-2.7683802323463154e-17, -1.9815330720150822e-17, 1.0000000000000004]], "t": [[0.02236184888142127], [0.15341201936795754], [0.25329672789789703]], "name": "ervilhamigalhas"}, {"R": [[0.9896939520957193, -0.1414487150752215, 0.022319099191604807], [0.13716968591554543, 0.9811887402673308, 0.13584231019251564], [-0.04111396904929383, -0.13138080901021276, 0.9904790379270204]], "t": [[0.03856422697118181], [0.04461405096208007], [0.011739975146421389]], "name": "abretesesamo"}, {"R": [[0.972132027778369, -0.1713627034536161, 0.1599817003053299], [0.13345777300651618, 0.9655700662617781, 0.22330129861549528], [-0.1927390551799443, -0.19572754278407895, 0.9615312712564522]], "t": [[-0.06092607585260309], [-0.1980260703300375], [-0.2650367030443184]], "name": "fernando"}]}