{"cameras": [{"R": [[1.0000000000000002, 7.715671840423266e-17, -5.880192488606955e-17], [7.715671840423266e-17, 0.9999999999999997, -6.646410785829695e-17], [-5.880192488606955e-17, -6.646410785829695e-17, 1.0000000000000004]], "t": [[-0.04935553403718074], [-0.01128811855548039], [-0.9567727375602983]], "name": "abretesesamo"}, {"R": [[-0.6932898939198016, 0.03772309160708893, -0.7196708215206962], [0.2344821460614366, 0.9560976603347046, -0.17577083683286954], [0.6814449692873911, -0.2906101035100249, -0.67169823698652]], "t": [[0.9088000100759703], [-0.0005630921527762155], [0.5873581038796559]], "name": "ervilhamigalhas"}, {"R": [[-0.5600432243773611, 0.014162925084211577, 0.8283423195648452], [-0.066141015270729, 0.995897998154728, -0.06174579637807443], [-0.825818958929841, -0.08936771690305453, -0.5568091757932604]], "t": [[-0.8594444760387896], [0.011851210708256593], [0.3694146336806424]], "name": "fernando"}]}