{"cameras": [{"R": [[1.0, 0.0, 0.0], [0.0, 1.0, 0.0], [0.0, 0.0, 1.0]], "t": [0.0, 0.0, 0.0], "name": "fernando"}, {"R": [[-0.999716128185909, -0.005617477895270247, -0.023153984259111166], [-0.004222714274296965, 0.9981982557850662, -0.059853244121008786], [0.023448490977729632, -0.05973848081218331, -0.9979386164394681]], "t": [0.0029840282466371834, 0.0725354583138127, 1.6011398082943693], "name": "abretesesamo"}]}