{"cameras": [{"R": [[1.0000000000000009, -1.2711315547531996e-16, -4.850418920661687e-16], [-1.2711315547531996e-16, 1.0000000000000007, -4.344987182937314e-17], [-4.850418920661687e-16, -4.344987182937314e-17, 1.0000000000000002]], "t": [[-0.06632384783741962], [-0.00785264582561179], [-1.0240613297617545]], "name": "abretesesamo"}, {"R": [[-0.6922697681210278, 0.042451624425964035, -0.7203890807954104], [0.23480265318680088, 0.9571983007368283, -0.16923098747855772], [0.6823710736850577, -0.2863027639582365, -0.6726071997442309]], "t": [[0.9697474730476148], [-0.010015791977910459], [0.5995685771949085]], "name": "ervilhamigalhas"}, {"R": [[-0.5853300751146593, 0.017881777165723492, 0.8105978936634761], [-0.05949015590245675, 0.9961148360385382, -0.06493192415613581], [-0.8086096861384787, -0.08622920311189343, -0.581992182089862]], "t": [[-0.903423625210195], [0.017868437803521767], [0.4244927525668463]], "name": "fernando"}]}