{"cameras": [{"R": [[0.9999999999999999, 1.249000902703301e-16, -6.661338147750939e-16], [1.249000902703301e-16, 1.0000000000000004, 3.0531133177191805e-16], [-6.661338147750939e-16, 3.0531133177191805e-16, 1.0000000000000002]], "t": [[0.2875571887967259], [0.2952412315631475], [-0.3333128302717888]], "name": "fernando"}, {"R": [[-0.06317836860858789, 0.10983840008263565, 0.9919395241683059], [0.1469885152720573, 0.9841099181801097, -0.09960946399642107], [-0.9871184681273439, 0.13951055446390045, -0.07831944251015588]], "t": [[-0.8052667420419808], [0.1328887559441305], [0.8748060130527964]], "name": "ervilhamigalhas"}, {"R": [[0.8970536844545122, 0.0380036268257308, -0.4402844666288779], [-0.0648545819396289, 0.9968295421009077, -0.04609498016413341], [0.4371367868391091, 0.06990413680882196, 0.8966743228446955]], "t": [[0.5177095532452547], [-0.4281299875072782], [-0.5414931827810077]], "name": "abretesesamo"}]}