{"cameras": [{"R": [[1.0, 0.0, 0.0], [0.0, 1.0, 0.0], [0.0, 0.0, 1.0]], "t": [0.0, 0.0, 0.0], "name": "ervilhamigalhas"}, {"R": [[-0.2188509397156714, 0.10533958977867884, -0.9700555844954594], [0.582983131592406, 0.81132310421208, -0.04342221609252048], [0.7824544296406523, -0.5750290352642503, -0.23897002769968292]], "t": [-0.6583246123490355, 0.2747624424968316, 0.6683311042816278], "name": "abretesesamo"}]}