{"cameras": [{"R": [[1.000000000000001, -1.5561125434062213e-16, 2.99116029023864e-16], [-1.5561125434062213e-16, 1.0, -1.0898483267925337e-16], [2.99116029023864e-16, -1.0898483267925337e-16, 1.0000000000000004]], "t": [[0.19069313376855312], [-0.09219539122767864], [-0.9648272948283736]], "name": "fernando"}, {"R": [[-0.6777431696995226, -0.1906913748721767, -0.710141532002603], [-0.11352105062075274, 0.9813429537077504, -0.15517402577141587], [0.7264827368847829, -0.024552123278988498, -0.6867459692279879]], "t": [[0.8451198137638232], [0.38533485843884785], [0.8118659491082888]], "name": "ervilhamigalhas"}, {"R": [[-0.08046604197041878, -0.055347643878879534, 0.9952195006161572], [0.14542852353246727, 0.9871208570701197, 0.06665551800353683], [-0.9860911522941388, 0.15009680827455948, -0.07138058218457327]], "t": [[-1.0358129475323774], [-0.2931394672111659], [0.15296134572008768]], "name": "quim"}]}