{"cameras": [{"R": [[0.9999999999999998, 2.632535447407968e-16, -8.290226083625965e-17], [2.632535447407968e-16, 0.9999999999999996, -2.468968222939965e-16], [-8.290226083625965e-17, -2.468968222939965e-16, 0.9999999999999998]], "t": [[0.0], [0.0], [0.0]], "name": "abretesesamo"}, {"R": [[-0.6799980874312523, 0.04667071639480734, -0.7317270292404362], [0.23474026553704772, 0.9593021833508828, -0.15695964052527833], [0.6946219178988202, -0.2784980525056215, -0.6632791463065468]], "t": [[0.0], [0.0], [0.0]], "name": "ervilhamigalhas"}, {"R": [[-0.5823065650756821, 0.01252538320969967, 0.812872793889186], [-0.05656956188816521, 0.9968334204234451, -0.055883956505211135], [-0.8109987354722211, -0.07852545257650863, -0.5797540895587653]], "t": [[0.0], [0.0], [0.0]], "name": "fernando"}]}