{"cameras": [{"R": [[1.0000000000000002, -2.3815781968561892e-17, -1.2273751727559497e-17], [-2.3815781968561892e-17, 0.9999999999999996, 2.0839718757064307e-16], [-1.2273751727559497e-17, 2.0839718757064307e-16, 1.0000000000000004]], "t": [[0.019614114295374383], [0.23143103510017551], [-0.7277550461195105]], "name": "fernando"}, {"R": [[0.9242935721715075, 0.04758336667265395, 0.3787046549205986], [-0.03886520873573814, 0.9987746983199356, -0.03063653939086769], [-0.3796984171580935, 0.013598720969873912, 0.9250103711827355]], "t": [[-0.6574198470856516], [0.052798575878148596], [-0.7112724449675404]], "name": "ervilhamigalhas"}, {"R": [[-0.9127122859097642, -0.02182852243402789, -0.40801936076333517], [-0.011520612216947581, 0.9995497858723009, -0.027703809427287642], [0.4084403979083366, -0.02058497439842707, -0.9125528478863548]], "t": [[0.637805732790276], [-0.2842296109783256], [1.4390274910870533]], "name": "quim"}]}