{"cameras": [{"R": [[1.0, 0.0, 0.0], [0.0, 1.0, 0.0], [0.0, 0.0, 1.0]], "t": [0.0, 0.0, 0.0], "name": "ervilhamigalhas"}, {"R": [[-0.2000079418853157, 0.17260347297575523, -0.9644712874417296], [0.1346242017224316, 0.9798660859988413, 0.1474407603748329], [0.9705014927826734, -0.10035185412347274, -0.21921760394772852]], "t": [-1.2531060200961521, -0.04041107335096184, 1.4065051148320558], "name": "fernando"}]}