{"cameras": [{"R": [[1.0, 0.0, 0.0], [0.0, 1.0, 0.0], [0.0, 0.0, 1.0]], "t": [0.0, 0.0, 0.0], "name": "fernando"}, {"R": [[-0.2035781873174245, 0.16033410716599172, -0.9658410302569652], [0.13611461437631456, 0.981554403755772, 0.13425261345999187], [0.969550789490545, -0.1041341756914371, -0.2216468814383054]], "t": [1.1682067125710331, 0.011119278549202265, 1.5732750930073516], "name": "ervilhamigalhas"}]}