{"cameras": [{"R": [[0.9999999999999999, -1.356973134960307e-16, -1.7844382901677496e-16], [-1.356973134960307e-16, 0.9999999999999997, -2.848882124466305e-16], [-1.7844382901677496e-16, -2.848882124466305e-16, 0.9999999999999998]], "t": [[0.18550684329513156], [-0.12525814906344687], [-0.439153298545936]], "name": "ervilhamigalhas"}, {"R": [[-0.2012242178321392, 0.012048196154386197, -0.9794711098992501], [0.584409762640191, 0.8039447305213515, -0.1101730438800101], [0.7861132510578097, -0.5945819634300866, -0.16881423303425644]], "t": [[0.677134244369288], [0.12556894147247846], [0.35458056594866816]], "name": "abretesesamo"}, {"R": [[0.20602793379991483, 0.07621473173205329, 0.9755735775230633], [-0.5848609351927427, 0.8088874723511382, 0.06032199896270165], [-0.7845318202467045, -0.5830028917084352, 0.2112284338814129]], "t": [[-0.8626410876644195], [-0.00031079240903138374], [0.08457273259726743]], "name": "fernando"}]}