{"cameras": [{"R": [[0.9999999999999993, -7.689744541489439e-17, -2.3589981200735906e-16], [-7.689744541489439e-17, 0.9999999999999997, 2.347351776086847e-16], [-2.3589981200735906e-16, 2.347351776086847e-16, 0.9999999999999994]], "t": [[-0.10675477965284517], [0.38223442234016736], [0.29812829352370057]], "name": "ervilhamigalhas"}, {"R": [[0.9818295042229757, 0.0983170631005906, 0.16231013443571518], [-0.10748980134903656, 0.9930120733222105, 0.04871308697125146], [-0.15638659547163927, -0.06527463013758493, 0.9855366332192785]], "t": [[0.005139671371846526], [0.063561961833243], [-0.0017475616093109159]], "name": "abretesesamo"}, {"R": [[0.9645812721292797, 0.035212954732606244, 0.26142497446965385], [-0.08339766334556582, 0.9809252835123226, 0.1755859274394402], [-0.2502554678842394, -0.19116912926847748, 0.9491188359782836]], "t": [[0.10161510828099869], [-0.44579638417341044], [-0.29638073191438963]], "name": "fernando"}]}