{"cameras": [{"R": [[1.0, 0.0, 0.0], [0.0, 1.0, 0.0], [0.0, 0.0, 1.0]], "t": [0.0, 0.0, 0.0], "name": "fernando"}, {"R": [[-0.19897579899508588, 0.16349345309528132, -0.9662704187799852], [0.1457539131297539, 0.9799568461881366, 0.13579534755051173], [0.9691049624378317, -0.1138177069000301, -0.218817507010722]], "t": [1.718016135181412, -0.3849802153766192, -0.7641217660189612], "name": "ervilhamigalhas"}]}