{"cameras": [{"R": [[0.9999999999999996, -2.526468886948592e-16, 2.373576719794968e-16], [-2.526468886948592e-16, 0.9999999999999999, -2.171833959341627e-16], [2.373576719794968e-16, -2.171833959341627e-16, 0.9999999999999996]], "t": [[-0.006150313113976846], [-0.17822217091057987], [-0.5366237070217261]], "name": "ervilhamigalhas"}, {"R": [[-0.21428997666575314, 0.10490338082303376, -0.9711205314442117], [0.5839154920990598, 0.8107649046005226, -0.04126702745314351], [0.7830213943356231, -0.5758954333557466, -0.23499350172439468]], "t": [[0.2992448057406454], [0.11677280403562498], [0.33890787698933933]], "name": "abretesesamo"}, {"R": [[0.20720794024087247, 0.10059972068357435, 0.9731107674358153], [-0.5868691417473112, 0.8086242764870613, 0.04136894899016523], [-0.7827192855461711, -0.5796606556203061, 0.2265922424972386]], "t": [[-0.29309449262666853], [0.0614493668749547], [0.19771583003238652]], "name": "fernando"}]}