{"cameras": [{"R": [[0.9999999999999999, -2.5893283753068736e-16, -9.71771124563756e-17], [-2.5893283753068736e-16, 0.9999999999999991, -2.804711428474801e-17], [-9.71771124563756e-17, -2.804711428474801e-17, 0.9999999999999999]], "t": [[-0.26316749080174345], [-0.29091408363586235], [0.2872645044951322]], "name": "abretesesamo"}, {"R": [[-0.9909735446847721, -0.1257216664649945, -0.046534893533377385], [-0.037091676144122565, 0.5907124336089109, -0.8060291733806267], [-0.12882407110364744, 0.7970275298639955, 0.5900436215596098]], "t": [[0.2631674908017435], [0.2909140836358623], [-0.2872645044951323]], "name": "ervilhamigalhas"}]}