{"cameras": [{"R": [[1.0, 0.0, 0.0], [0.0, 1.0, 0.0], [0.0, 0.0, 1.0]], "t": [0.0, 0.0, 0.0], "name": "abretesesamo"}, {"R": [[-0.9999909639543115, -0.0016820291925882967, -0.0039042012654317304], [-0.0017024839456022, 0.9999848125960986, 0.005241767408055903], [0.0038953251649488222, 0.005248366883180681, -0.9999786403153412]], "t": [0.019161571321524067, -0.022261534206445797, 1.5967922429513581], "name": "fernando"}]}