{"cameras": [{"R": [[0.9999999999999999, -1.734723475976807e-16, -3.686287386450715e-17], [-1.734723475976807e-16, 1.0000000000000002, 9.020562075079397e-17], [-3.686287386450715e-17, 9.020562075079397e-17, 1.0]], "t": [[-0.4172484082939827], [-0.20690313320882026], [-1.026130745090684]], "name": "fernando"}, {"R": [[0.04084173119708034, -0.25758382108956274, -0.965392421819089], [-0.05788813327665193, 0.9639656289320918, -0.2596521331768767], [0.9974873016828687, 0.06648940780649168, 0.024458978534927015]], "t": [[0.691333514230999], [0.545275621370862], [0.12855372413924218]], "name": "ervilhamigalhas"}, {"R": [[-0.9955655717913859, 0.040825371582415886, -0.08474952093581009], [0.03396509237606784, 0.9961459174114888, 0.08086831100195332], [0.08772436812868395, 0.077631180975051, -0.9931152173725072]], "t": [[-0.27408510593701335], [-0.33837248816204346], [0.8975770209514401]], "name": "abretesesamo"}]}