{"cameras": [{"R": [[0.9999999999999999, 2.5503162565022454e-17, 9.52072262364388e-17], [2.5503162565022454e-17, 1.0000000000000007, 2.387509638578778e-16], [9.52072262364388e-17, 2.387509638578778e-16, 0.9999999999999998]], "t": [[-0.23412604317824817], [-0.14046867724507922], [-1.1279625972097223]], "name": "ervilhamigalhas"}, {"R": [[-0.2053287663429235, 0.17213471055415228, -0.9634364219472555], [0.1471691833714285, 0.9786483083175822, 0.14348770014507037], [0.9675646382427788, -0.1123259989920978, -0.22627757461257025]], "t": [[0.8967325731853897], [-0.14083565037902138], [0.4077314041675446]], "name": "fernando"}, {"R": [[-0.6931721116954727, 0.23287172755103133, 0.6821166924178275], [0.048640782319048524, 0.9593254494465074, -0.2780804853628665], [-0.7191289855533773, -0.1595789477081958, -0.6763047106041145]], "t": [[-0.6626065300071419], [0.2813043276241013], [0.7202311930421773]], "name": "abretesesamo"}]}