{"cameras": [{"R": [[1.0, 1.5081627556069154e-17, 7.90189714697415e-18], [1.5081627556069154e-17, 0.9999999999999998, 3.3967643362134256e-17], [7.90189714697415e-18, 3.3967643362134256e-17, 0.9999999999999996]], "t": [[-0.017652398653994653], [0.012512424343614428], [-1.0254384973392623]], "name": "abretesesamo"}, {"R": [[-0.7054682308528611, 0.05640538218760372, -0.706493459359395], [0.22644431949137575, 0.9625183270710715, -0.1492696895635345], [0.6715932887004026, -0.2652864544460885, -0.6917987797474069]], "t": [[0.9414312747634379], [-0.02173250540799586], [0.6627446621773633]], "name": "ervilhamigalhas"}, {"R": [[-0.5424811364815904, 0.014772332191839247, 0.8399380898395166], [-0.048423284086572094, 0.9976330775239692, -0.048820366532062655], [-0.8386712121683396, -0.06715668865919318, -0.540481800848483]], "t": [[-0.9237788761094434], [0.00922008106438109], [0.3626938351618988]], "name": "fernando"}]}