{"cameras": [{"R": [[0.9999999999999998, -1.227506370003239e-16, -6.67195650692396e-17], [-1.227506370003239e-16, 0.999999999999999, 1.332343517823083e-17], [-6.67195650692396e-17, 1.332343517823083e-17, 1.0000000000000002]], "t": [[0.022015001229726713], [-0.186257303569065], [0.42323605210663245]], "name": "ervilhamigalhas"}, {"R": [[-0.21444045452034582, 0.6502377497355976, 0.7288389124380596], [0.13131670485805372, 0.7586160788090259, -0.6381673510903231], [-0.9678694201648947, -0.04114017247416034, -0.24806505541584487]], "t": [[-0.6680631317353072], [-0.2567059385832859], [-0.02007506256945346]], "name": "abretesesamo"}, {"R": [[0.19459764865449725, -0.6430857191622367, -0.7406568118553486], [0.11823617879294862, 0.7649647596025289, -0.6331264665062479], [0.9737309490627184, 0.03563249045230153, 0.22489634159226282]], "t": [[0.6460481305055809], [0.44296324215234967], [-0.4031609895371795]], "name": "fernando"}]}