{"cameras": [{"R": [[1.0, 0.0, 0.0], [0.0, 1.0, 0.0], [0.0, 0.0, 1.0]], "t": [0.0, 0.0, 0.0], "name": "fernando"}, {"R": [[-0.5496053340136116, -0.05873098624465259, -0.8333574551646593], [0.037040587148715005, 0.9948317883425183, -0.09453945106095016], [0.8346028826498655, -0.08282743602187517, -0.544589427105023]], "t": [-0.8682191051346028, 0.035038084136676854, 1.410527428334803], "name": "abretesesamo"}]}