{"cameras": [{"R": [[1.0000000000000004, -7.882768219982038e-17, -5.482071588580559e-17], [-7.882768219982038e-17, 1.0000000000000007, -4.885535983139107e-16], [-5.482071588580559e-17, -4.885535983139107e-16, 1.0000000000000004]], "t": [[-0.059621928913001276], [-0.04837781701332523], [-0.8319894140973086]], "name": "abretesesamo"}, {"R": [[-0.5534809360847097, 0.06615170048610074, -0.8302305739453293], [0.11476271984287123, 0.9933894128389268, 0.0026443513004968206], [0.8249171907076859, -0.09381592072953826, -0.5574138511847448]], "t": [[0.917905640069026], [0.09315749904353393], [0.7553338938314673]], "name": "quim"}, {"R": [[0.08599095742584066, -0.0965343108799271, 0.9916081292849133], [-0.21344478928389823, 0.9704004249344443, 0.11297936632236355], [-0.9731633352981091, -0.22136879208684407, 0.0628409159821232]], "t": [[-0.8582837111560244], [-0.04477968203020893], [0.07665552026584185]], "name": "fernando"}]}