{"cameras": [{"R": [[1.0, 0.0, 0.0], [0.0, 1.0, 0.0], [0.0, 0.0, 1.0]], "t": [1.1718582033679072, 0.01583182485653682, 1.5956479583431327], "name": "fernando"}, {"R": [[-0.221655531126866, 0.1294908642116797, 0.9664889764537301], [0.15640257529325163, 0.983032722718519, -0.09583788659112609], [-0.9625004207596509, 0.12991836725547032, -0.23814734490891815]], "t": [0.0, 0.0, 0.0], "name": "ervilhamigalhas"}]}