{"cameras": [{"R": [[-0.6839558743983583, 0.04452253722161049, -0.728163515671671], [0.2344781588804652, 0.9585903156853854, -0.16163106038822173], [0.6908142694559841, -0.2812869537563804, -0.6660730401108059]], "t": [1.0380477942788147, -0.0065630672857510996, 1.6685883442233027], "name": "ervilhamigalhas"}, {"R": [[1.0, 0.0, 0.0], [0.0, 1.0, 0.0], [0.0, 0.0, 1.0]], "t": [0.0, 0.0, 0.0], "name": "abretesesamo"}]}