{"cameras": [{"R": [[1.0, 0.0, 0.0], [0.0, 1.0, 0.0], [0.0, 0.0, 1.0]], "t": [0.15015403325384338, -0.1806525157227611, 14.366199007319473], "name": "abretesesamo"}, {"R": [[-0.9999741937459812, -0.0018919823997523776, -0.006930529898532288], [-0.0019093111364731133, 0.9999950657746848, 0.0024945855906401584], [0.006925775989704363, 0.0025077537526473313, -0.9999728720310652]], "t": [0.0, 0.0, 0.0], "name": "fernando"}]}