{"cameras": [{"R": [[0.9999999999999994, 6.146533857324752e-17, 3.0021612288122066e-17], [6.146533857324752e-17, 1.0000000000000007, 2.6020576600745773e-16], [3.0021612288122066e-17, 2.6020576600745773e-16, 0.9999999999999999]], "t": [[0.16980778068547012], [0.48679158471799505], [-0.4113075805374993]], "name": "ervilhamigalhas"}, {"R": [[-0.30676695954405847, 0.5132131478336548, -0.8015649053088374], [-0.039274900489326796, 0.8346274803619937, 0.5494128240368474], [0.9509739821486428, 0.20002308345603984, -0.2358797391915863]], "t": [[0.4569362260775061], [0.12450005043745042], [0.3109143236606462]], "name": "abretesesamo"}, {"R": [[0.2953680625676392, -0.6184461657222231, 0.7282046743316879], [-0.10388590903396237, 0.7369017648240123, 0.6679696901083491], [-0.9497186033342858, -0.27294711777693786, 0.15340940446412082]], "t": [[-0.6267440067629759], [-0.611291635155447], [0.10039325687685281]], "name": "fernando"}]}