{"cameras": [{"R": [[1.0000000000000009, -1.3670506506293617e-16, 1.5056968207362744e-16], [-1.3670506506293617e-16, 1.0000000000000004, -5.747061264407489e-16], [1.5056968207362744e-16, -5.747061264407489e-16, 1.0000000000000007]], "t": [[-0.21720996268240245], [-0.14377182463057264], [-1.1259517744413425]], "name": "ervilhamigalhas"}, {"R": [[-0.6934328838039431, 0.23279458974719272, 0.6818779323631053], [0.04863010492995184, 0.9593309264418284, -0.2780634576257098], [-0.7188782571157998, -0.1596585499016559, -0.6765524361713964]], "t": [[-0.6756188127357041], [0.2826012455155119], [0.7127187505479422]], "name": "abretesesamo"}, {"R": [[-0.20512319284868433, 0.17206932907787664, -0.9634918898186177], [0.14719289113197437, 0.9786517361343813, 0.14343999498526225], [0.9676046344224344, -0.11239628709103622, -0.22607155082490424]], "t": [[0.8928287754181071], [-0.13882942088493921], [0.41323302389340033]], "name": "fernando"}]}