{"cameras": [{"R": [[1.0, -2.437630089450228e-17, -4.8022270652304503e-17], [-2.437630089450228e-17, 0.999999999999999, 3.4316451570378873e-16], [-4.8022270652304503e-17, 3.4316451570378873e-16, 0.9999999999999999]], "t": [[-0.2564474865889631], [-0.14413225642058702], [-1.108548185466287]], "name": "ervilhamigalhas"}, {"R": [[-0.7084487733145641, 0.22847579424475065, 0.66775680231153], [0.050225242221685534, 0.960072192731143, -0.2752068490938891], [-0.7039728408346887, -0.1614317075070574, -0.6916372193415369]], "t": [[-0.6366590165527557], [0.28980948631246056], [0.7527049220830819]], "name": "abretesesamo"}, {"R": [[-0.17074579476110782, 0.13724754450572355, -0.9757094778152704], [0.14634647918598537, 0.9828001352341129, 0.11263481794575844], [0.9743862589349586, -0.12355972527873961, -0.18789468509720744]], "t": [[0.8931065031417182], [-0.14567722989187293], [0.35584326338320493]], "name": "fernando"}]}