{"cameras": [{"R": [[0.9999999999999993, 1.7945953617223924e-16, 1.9201105779874473e-16], [1.7945953617223924e-16, 0.9999999999999994, 6.411341973759244e-17], [1.9201105779874473e-16, 6.411341973759244e-17, 0.9999999999999996]], "t": [[0.003111090113796157], [-0.2825948615717762], [0.22539272038142916]], "name": "ervilhamigalhas"}, {"R": [[0.9895105797326146, -0.1369068737404758, 0.04610119868109282], [0.14251010748712076, 0.9773724173753516, -0.15631387340178818], [-0.023657596269137524, 0.16124411826938176, 0.9866309606242324]], "t": [[0.05679058271062543], [-0.038711172997055183], [-0.0008283314405880676]], "name": "abretesesamo"}, {"R": [[0.9736969029982593, -0.13284251849322107, 0.1851140361290184], [0.172216856392767, 0.9610429723305238, -0.21618917574269075], [-0.14918342892489891, 0.2423824882587217, 0.958642286736674]], "t": [[-0.05990167282442156], [0.3213060345688312], [-0.2245643889408412]], "name": "fernando"}]}