{"cameras": [{"R": [[1.0000000000000007, -3.494393987419279e-16, 6.343476605102987e-17], [-3.494393987419279e-16, 1.0000000000000004, -3.552904219647598e-16], [6.343476605102987e-17, -3.552904219647598e-16, 1.0000000000000007]], "t": [[-0.051666458729965975], [-0.008263246365697674], [-0.8616390279845763]], "name": "abretesesamo"}, {"R": [[-0.6900834649004581, 0.04156772858807127, -0.7225350755575866], [0.23491550266682953, 0.9571586014488196, -0.16929890217993476], [0.6845432916023422, -0.28656506348919936, -0.6702842280030626]], "t": [[0.8157684759974841], [-0.007935579192659591], [0.5119317484079926]], "name": "ervilhamigalhas"}, {"R": [[-0.5786264284572803, 0.01745006410080168, 0.8154060041192059], [-0.060005644987055705, 0.9961507024384243, -0.06389914397800714], [-0.813382307934258, -0.08590269666496322, -0.5753520208057221]], "t": [[-0.7641020172675181], [0.016198825558357145], [0.3497072795765838]], "name": "fernando"}]}