{"cameras": [{"R": [[0.9999999999999999, -2.683687985329038e-16, -3.292652532551799e-16], [-2.683687985329038e-16, 1.0000000000000002, -4.460156112854982e-16], [-3.292652532551799e-16, -4.460156112854982e-16, 0.9999999999999997]], "t": [[0.0], [0.0], [0.0]], "name": "ervilhamigalhas"}, {"R": [[-0.6863300343228762, 0.2503065468903862, 0.682859953848643], [0.02004568758017035, 0.9450635807974745, -0.3262713574000844], [-0.7270139299874503, -0.21024143462711242, -0.6536430866842671]], "t": [[0.0], [0.0], [0.0]], "name": "abretesesamo"}, {"R": [[-0.2194539225633774, 0.1368062319465858, -0.9659834526388762], [0.18750323429048418, 0.977576176011144, 0.09585070279364792], [0.9574353831993858, -0.1600902089323559, -0.24018453739123108]], "t": [[0.0], [0.0], [0.0]], "name": "fernando"}]}