{"cameras": [{"R": [[1.0000000000000002, 3.3447702475303866e-18, -9.890306895377746e-17], [3.3447702475303866e-18, 0.9999999999999992, 2.9333373816328415e-16], [-9.890306895377746e-17, 2.9333373816328415e-16, 1.0000000000000002]], "t": [[0.11340862355032078], [0.2940103439614447], [0.2993840327207577]], "name": "ervilhamigalhas"}, {"R": [[0.9814242906854903, -0.13727711927764868, 0.1340199767770183], [0.10818313114832419, 0.972905977660872, 0.20432906980331186], [-0.15843854261961282, -0.18603481167397792, 0.9696846276279731]], "t": [[0.020128499003479454], [-0.091765113681292], [-0.05602861619455134]], "name": "abretesesamo"}, {"R": [[0.9550041308100186, -0.1376561099392869, 0.2627125911184768], [0.12829998121945033, 0.9903433301236271, 0.052528119124260496], [-0.26740647889475244, -0.016458550240735705, 0.9634432475081675]], "t": [[-0.1335371225538003], [-0.20224523028015287], [-0.2433554165262063]], "name": "fernando"}]}