{"cameras": [{"R": [[0.9999999999999999, -1.1796119636642288e-16, 4.996003610813204e-16], [-1.1796119636642288e-16, 0.9999999999999997, 2.498001805406602e-16], [4.996003610813204e-16, 2.498001805406602e-16, 0.9999999999999999]], "t": [[-0.49219359480507935], [0.19613776034935743], [-0.9510192861872082]], "name": "fernando"}, {"R": [[0.14531910620516839, -0.3347552007386625, -0.9310323909242623], [-0.502610607204313, 0.7855761367310697, -0.36090540439899044], [0.8522117899310253, 0.5203932061212031, -0.05409229266219295]], "t": [[0.6579872408847779], [0.5241333588686111], [0.3429131578674717]], "name": "ervilhamigalhas"}, {"R": [[-0.9961749072352785, 0.04924087935756227, -0.07218649454627267], [-0.025292460504378264, 0.6282587666594557, 0.7775932185642912], [0.0836411718976936, 0.7764446264323254, -0.6246101956003818]], "t": [[-0.1657936460796989], [-0.7202711192179689], [0.6081061283197369]], "name": "abretesesamo"}]}