{"cameras": [{"R": [[1.0, 0.0, 0.0], [0.0, 1.0, 0.0], [0.0, 0.0, 1.0]], "t": [0.0, 0.0, 0.0], "name": "fernando"}, {"R": [[-0.21353836889913377, 0.17303287639972592, 0.9614889436143997], [0.1158985756727197, 0.9817261418665264, -0.15093476250652071], [-0.9700355071670996, 0.07920483609415623, -0.22969046295909978]], "t": [1.0850013800791536, 0.03923263622078827, 1.5053569079446476], "name": "ervilhamigalhas"}]}