{"cameras": [{"R": [[0.9999999999999997, 9.354107787237604e-17, 1.7123495536700057e-17], [9.354107787237604e-17, 0.9999999999999999, -2.525065653876539e-18], [1.7123495536700057e-17, -2.525065653876539e-18, 1.0000000000000002]], "t": [[-0.23087172782747217], [-0.13440545750160068], [-1.082510580893933]], "name": "ervilhamigalhas"}, {"R": [[-0.6794976853552624, 0.23774237276582164, 0.6940903830111155], [0.04684428776160067, 0.958170940908485, -0.2823367859536838], [-0.7321806527769966, -0.15933302291184023, -0.6622118086449581]], "t": [[-0.6550484317237528], [0.2758740328696201], [0.708637504381149]], "name": "abretesesamo"}, {"R": [[-0.17175588981488335, 0.16883482268794625, -0.9705641230551576], [0.14614627625625137, 0.978670052039261, 0.1443821151593956], [0.9742387696300784, -0.11704585378986827, -0.19276692626140904]], "t": [[0.8859201595512247], [-0.14146857536801935], [0.37387307651278373]], "name": "fernando"}]}