{"cameras": [{"R": [[1.0000000000000009, -3.034729338102239e-16, -1.4731402758206238e-16], [-3.034729338102239e-16, 1.0000000000000002, -3.9185540797266126e-16], [-1.4731402758206238e-16, -3.9185540797266126e-16, 1.0000000000000009]], "t": [[0.20167970107508565], [0.24773014241503985], [-0.8333315475272622]], "name": "ervilhamigalhas"}, {"R": [[-0.9926036198439617, -0.11212465176964982, 0.04654155496112225], [-0.10210582596505484, 0.9784366783652929, 0.179544052347846], [-0.0656692787889302, 0.17346391237092182, -0.9826483689134761]], "t": [[0.5644176730866299], [0.18016940397912687], [0.6508104771357659]], "name": "abretesesamo"}, {"R": [[-0.23087513742789645, -0.33385388416570383, 0.9139137021322767], [0.05185755903644994, 0.9337329468799467, 0.35419426517332475], [-0.9716004654632645, 0.1291679834106086, -0.19826287492419134]], "t": [[-0.7660973741617155], [-0.4278995463941673], [0.18252107039149637]], "name": "quim"}]}