{"cameras": [{"R": [[0.9999999999999992, -8.535287884196481e-17, -1.663615143053444e-16], [-8.535287884196481e-17, 0.9999999999999999, 4.26203665683329e-16], [-1.663615143053444e-16, 4.26203665683329e-16, 0.9999999999999999]], "t": [[-0.10173639055070104], [0.018201381347045673], [-0.6771623026292585]], "name": "abretesesamo"}, {"R": [[-0.6955860873946713, 0.0019050618018632015, -0.7184402311692342], [0.25006404217694933, 0.938109475095458, -0.23962175933385013], [0.6735190938890283, -0.3463336302983809, -0.6530122867842895]], "t": [[0.5645589652257501], [-0.002641307598849728], [0.4137073094485594]], "name": "ervilhamigalhas"}, {"R": [[-0.6174367024833685, 0.058734781687097386, 0.7844247215932404], [-0.06551548502363423, 0.989904049453796, -0.125688878175819], [-0.783887517216968, -0.12899689257942118, -0.607355054359698]], "t": [[-0.46282257467504906], [-0.01556007374819602], [0.26345499318069915]], "name": "fernando"}]}