{"cameras": [{"R": [[1.0000000000000002, -1.9367498033272269e-16, -4.776283451078802e-17], [-1.9367498033272269e-16, 1.0000000000000002, -3.0881190142633914e-16], [-4.776283451078802e-17, -3.0881190142633914e-16, 1.0000000000000004]], "t": [[-0.3232605575119617], [0.03174718606012908], [-0.948857684652042]], "name": "fernando"}, {"R": [[-0.8138130459984617, 0.07878912667458142, 0.5757608875918571], [0.011048035368746632, 0.9926850033669944, -0.12022655698622325], [-0.5810217440657425, -0.09148091390081069, -0.8087304713652601]], "t": [[-0.4542461480624324], [0.1302396223134279], [0.7839456930715242]], "name": "ervilhamigalhas"}, {"R": [[0.06800744528683693, 0.14667983072476753, -0.9868434600503326], [0.0070378712038194225, 0.9890383463453117, 0.14749107711129839], [0.9976599900539643, -0.016975768527109365, 0.06622965746882362]], "t": [[0.7775067055743943], [-0.16198680837355656], [0.16491199158051778]], "name": "quim"}]}