{"cameras": [{"R": [[1.0000000000000007, 6.776340273540804e-17, 5.002633053184571e-17], [6.776340273540804e-17, 1.0000000000000004, 1.9793892802834444e-16], [5.002633053184571e-17, 1.9793892802834444e-16, 1.0000000000000002]], "t": [[-0.006841629244273327], [-0.01622032432244251], [0.06431218838311942]], "name": "abretesesamo"}, {"R": [[-0.7194410161914986, 0.01343503597877734, -0.6944235912104327], [0.2407677063542231, 0.9426428174774163, -0.23120430410173187], [0.6514871723973326, -0.33353263478479583, -0.6814106293089661]], "t": [[0.03598756414815102], [0.07461560486520885], [0.004629280070758721]], "name": "ervilhamigalhas"}, {"R": [[-0.5726171569208881, 0.06134216093424042, 0.8175247585802877], [-0.07131765513150001, 0.989689277130231, -0.12421323117923165], [-0.816714995372549, -0.1294305760837, -0.5623382810268723]], "t": [[-0.029145934903877697], [-0.05839528054276639], [-0.06894146845387815]], "name": "fernando"}]}