{"cameras": [{"R": [[1.0000000000000007, -5.697337272694621e-16, -5.774230886484744e-16], [-5.697337272694621e-16, 0.9999999999999996, -1.707346171172775e-17], [-5.774230886484744e-16, -1.707346171172775e-17, 1.0000000000000002]], "t": [[-0.059638567635243334], [-0.030293250507281756], [-0.9159148617472178]], "name": "ervilhamigalhas"}, {"R": [[-0.9717860393951379, -0.11210237668883072, -0.2075209646696641], [-0.08558002395735849, 0.9874592118913235, -0.13266636480443564], [0.2197907030248793, -0.11116367208616881, -0.9691928006708203]], "t": [[0.7762655563582945], [0.37267540830853174], [0.4511808277015543]], "name": "abretesesamo"}, {"R": [[-0.48617109607065095, -0.32037074813538374, 0.8130192181520907], [-0.22385932686331306, 0.9449870540603896, 0.2385088456107429], [-0.8447038931612458, -0.06604582800934368, -0.5311433718693988]], "t": [[-0.7166269887230517], [-0.3423821578012503], [0.46473403404566277]], "name": "quim"}]}