{"cameras": [{"R": [[1.0, -3.8615070556939336e-17, -1.5409727300090116e-16], [-3.8615070556939336e-17, 1.0000000000000004, 2.0507727017892997e-16], [-1.5409727300090116e-16, 2.0507727017892997e-16, 0.9999999999999996]], "t": [[0.2779289646988986], [-0.10043919392180733], [-0.8621262835446207]], "name": "ervilhamigalhas"}, {"R": [[-0.9829411740203636, -0.18389867012117225, -0.002815589304814879], [-0.18360271798709907, 0.9820284571211976, -0.043705278307206226], [0.010802331378865245, -0.04244276772107223, -0.9990405002325761]], "t": [[0.4343553414945457], [0.15406164125708008], [0.7277633547467428]], "name": "abretesesamo"}, {"R": [[-0.22794986349723256, -0.06222755242173977, 0.9716823511061586], [-0.14038844422570165, 0.9896283783935779, 0.030442690518167625], [-0.9634988035589249, -0.12947356640526064, -0.2343216830402648]], "t": [[-0.7122843061934443], [-0.05362244733527225], [0.13436292879787726]], "name": "quim"}]}