{"cameras": [{"R": [[1.0000000000000002, -1.299178456286055e-16, -3.292845302405106e-16], [-1.299178456286055e-16, 0.9999999999999999, 8.282179582809561e-17], [-3.292845302405106e-16, 8.282179582809561e-17, 1.0000000000000007]], "t": [[-0.37981296402700976], [0.22187053445350952], [-0.8336470954526879]], "name": "fernando"}, {"R": [[-0.9830732287002151, -0.04529500456118216, 0.17752574341412247], [-0.012134555478840667, 0.9829273824500689, 0.18359333700651206], [-0.18281077532865855, 0.17833149859645758, -0.9668392301888027]], "t": [[-0.44447129997395596], [0.14232827666631934], [0.7351328836800718]], "name": "ervilhamigalhas"}, {"R": [[0.03791895425124439, 0.23700265927233438, -0.9707687121072321], [-0.039665972244322605, 0.9710587108644514, 0.2355240766889494], [0.9984932466243349, 0.029575658101067843, 0.046222471737069185]], "t": [[0.8242842640009644], [-0.3641988111198303], [0.0985142117726143]], "name": "quim"}]}