{"cameras": [{"R": [[0.999999999999999, -1.881892363463181e-17, 6.410736013460393e-17], [-1.881892363463181e-17, 0.9999999999999998, 4.751362247655564e-17], [6.410736013460393e-17, 4.751362247655564e-17, 1.000000000000001]], "t": [[-0.05803819790621659], [0.06970377244797141], [-0.6258182044335356]], "name": "abretesesamo"}, {"R": [[-0.7024792488030804, 0.011702189163957042, -0.7116080127217718], [0.23820678996880823, 0.9460635985905163, -0.21959324359988427], [0.6706567156256733, -0.32376955723281475, -0.6673775869741602]], "t": [[0.6385789671163858], [-0.06815604817377645], [0.4193739637874726]], "name": "ervilhamigalhas"}, {"R": [[-0.5793888793619411, 0.04227319878949047, 0.813954238969131], [-0.07643113683620206, 0.991435483533007, -0.10589600234946465], [-0.811459677244433, -0.12356641394722245, -0.5711957051226701]], "t": [[-0.5805407692101693], [-0.0015477242741949654], [0.2064442406460634]], "name": "fernando"}]}