{"cameras": [{"R": [[0.999999999999999, -5.843114255720338e-17, -1.1231010555647722e-16], [-5.843114255720338e-17, 1.0, -4.0417264454439783e-17], [-1.1231010555647722e-16, -4.0417264454439783e-17, 1.0000000000000002]], "t": [[-0.0626179939010611], [-0.051671798601493735], [-0.9721074794218051]], "name": "abretesesamo"}, {"R": [[-0.6972700990212933, 0.011162202623161697, -0.7167215737254146], [0.23710352303699533, 0.9471861927162782, -0.21591719637649792], [0.6764586671588158, -0.3204898150647565, -0.6630912079536856]], "t": [[0.8944982010096622], [0.009022061684194031], [0.6121476191684887]], "name": "ervilhamigalhas"}, {"R": [[-0.5731993752015088, 0.05744575782956903, 0.8173998172106384], [-0.07782469716652883, 0.9892137064614384, -0.12409496146001157], [-0.81571183194774, -0.13474504761292824, -0.5625459797778778]], "t": [[-0.8318802071086012], [0.04264973691729965], [0.3599598602533165]], "name": "fernando"}]}