{"cameras": [{"R": [[0.9999999999999999, 1.2281884251551575e-17, -3.30480851735852e-17], [1.2281884251551575e-17, 0.9999999999999997, -3.163287171085016e-17], [-3.30480851735852e-17, -3.163287171085016e-17, 0.9999999999999998]], "t": [[-0.030619071740344117], [-0.013741705107943961], [-0.9707410240456594]], "name": "abretesesamo"}, {"R": [[-0.7102175894003596, 0.022529816650903974, -0.703621619244334], [0.24571884180226408, 0.9445608221779133, -0.21777764804942146], [0.6597069246943643, -0.3275626055706914, -0.6763797106226971]], "t": [[0.8749037210539348], [0.005699893792308697], [0.6177764357786563]], "name": "ervilhamigalhas"}, {"R": [[-0.5490761679692192, 0.03849224728273424, 0.834885446434038], [-0.07954267527149941, 0.9919977156448685, -0.09804843173664338], [-0.8319785601678028, -0.12024507912795104, -0.5416205280144227]], "t": [[-0.8442846493135907], [0.008041811315635309], [0.3529645882670037]], "name": "fernando"}]}