{"cameras": [{"R": [[1.0, 2.6098893195566766e-16, 1.8665051213967404e-16], [2.6098893195566766e-16, 0.9999999999999997, -7.817729094642404e-17], [1.8665051213967404e-16, -7.817729094642404e-17, 0.9999999999999999]], "t": [[-0.14682692542996012], [0.001439855170709123], [0.008890909465748617]], "name": "broken"}, {"R": [[0.9993030192549622, -0.008661187986223444, 0.03631059804772638], [0.005674622571938976, 0.9966522061862227, 0.08156088868324372], [-0.0368954518414165, -0.0812979933750012, 0.9960067077618583]], "t": [[0.14682692542996006], [-0.0014398551707091236], [-0.008890909465748614]], "name": "quim"}]}