{"cameras": [{"R": [[1.0000000000000002, -3.1614637030370815e-17, 2.231634206665092e-17], [-3.1614637030370815e-17, 1.0000000000000002, -1.5781767057942274e-16], [2.231634206665092e-17, -1.5781767057942274e-16, 1.0000000000000004]], "t": [[-0.044119044178557165], [-0.005708155032286859], [-0.9988465400416093]], "name": "abretesesamo"}, {"R": [[-0.6923688353884797, 0.04834613745308575, -0.7199222505077668], [0.2371030467794769, 0.9575893144300568, -0.1637218681094977], [0.681474534366978, -0.2840516781903291, -0.6744680149025367]], "t": [[0.9420552403532492], [-0.010454392159122238], [0.626511574298209]], "name": "ervilhamigalhas"}, {"R": [[-0.5570399077340208, 0.019895881816902435, 0.8302473698111916], [-0.05994835764094464, 0.9961417208152208, -0.06409263972910216], [-0.8283192232514147, -0.08547412437702395, -0.5536979668141775]], "t": [[-0.8979361961746921], [0.01616254719140981], [0.37233496574339986]], "name": "fernando"}]}