{"cameras": [{"R": [[1.0000000000000004, -1.555478809131559e-16, -1.8315026953872333e-16], [-1.555478809131559e-16, 0.9999999999999994, -1.3230698236632316e-16], [-1.8315026953872333e-16, -1.3230698236632316e-16, 1.0000000000000002]], "t": [[-0.06002669378028864], [-0.09054981705398403], [-0.8341593669836602]], "name": "abretesesamo"}, {"R": [[-0.5880943404527944, 0.12024828282821594, -0.7998033490829223], [0.15639775883270948, 0.9871288192713389, 0.03341309916899924], [0.7935268034285287, -0.1054373967851883, -0.5993314338491387]], "t": [[0.8850909756107572], [0.05965045067258798], [0.772215087522577]], "name": "quim"}, {"R": [[0.09101560735767944, -0.010597455671889312, 0.9957930774767396], [-0.18950385921272753, 0.9814873116425059, 0.027765886051933673], [-0.9776525183114887, -0.19123376014200183, 0.08732240503533971]], "t": [[-0.8250642818304688], [0.030899366381395725], [0.061944279461082864]], "name": "fernando"}]}