{"cameras": [{"R": [[0.9999999999999997, -7.020171252616471e-18, -2.1778443063925704e-16], [-7.020171252616471e-18, 1.0000000000000002, 5.040923446998178e-17], [-2.1778443063925704e-16, 5.040923446998178e-17, 0.9999999999999999]], "t": [[-0.48782503890726825], [0.0054255615310567235], [-0.8347563000705649]], "name": "abretesesamo"}, {"R": [[-0.7213621478192814, 0.043983726666971715, -0.6911599550625296], [0.22162396369181966, 0.960162862937558, -0.1702060379454246], [0.6561398253505724, -0.2759578018901394, -0.7023729929068189]], "t": [[0.48782503890726825], [-0.0054255615310565925], [0.8347563000705648]], "name": "ervilhamigalhas"}]}