{"cameras": [{"R": [[0.9999999999999996, 1.6415367614056566e-16, -1.8945345517009041e-16], [1.6415367614056566e-16, 0.9999999999999998, 5.52420189011548e-16], [-1.8945345517009041e-16, 5.52420189011548e-16, 0.9999999999999994]], "t": [[0.0], [0.0], [0.0]], "name": "abretesesamo"}, {"R": [[-0.6879021206033641, 0.040326458339836245, -0.724682309172205], [0.23765236602459403, 0.9559293788682254, -0.1723959846966306], [0.6857929901889541, -0.2908140288472573, -0.6671695251083631]], "t": [[0.0], [0.0], [0.0]], "name": "ervilhamigalhas"}, {"R": [[-0.5501871487510466, 0.023860348535195888, 0.834700416387204], [-0.06371103235215202, 0.9954785606602649, -0.07045097318270223], [-0.8326073538624409, -0.09194084529492673, -0.5461793434950079]], "t": [[0.0], [0.0], [0.0]], "name": "fernando"}]}