{"cameras": [{"R": [[0.9999999999999998, -1.6314772448466524e-16, 1.6017424580202973e-16], [-1.6314772448466524e-16, 0.9999999999999998, 2.6934199880416917e-17], [1.6017424580202973e-16, 2.6934199880416917e-17, 0.9999999999999996]], "t": [[0.13866638236800607], [-0.0024043348589695636], [0.00545733701362834]], "name": "broken"}, {"R": [[0.9996418201563414, 0.026634345222811544, 0.002615922221491358], [-0.026762487759454414, 0.994761855594712, 0.09865404149192164], [2.5366155579169726e-05, -0.09868871418919599, 0.9951183532868043]], "t": [[-0.13866638236800605], [0.002404334858969564], [-0.005457337013628339]], "name": "jotaro"}]}