{"cameras": [{"R": [[0.9999999999999998, -2.4395046787263873e-16, -4.837099950092336e-16], [-2.4395046787263873e-16, 0.9999999999999999, -2.378899995250556e-16], [-4.837099950092336e-16, -2.378899995250556e-16, 0.9999999999999999]], "t": [[-0.3178622136281811], [0.2036731549524942], [-0.8229248855461495]], "name": "fernando"}, {"R": [[-0.9678172580799087, -0.049352986309274705, 0.24676717307017065], [-0.003967590342959768, 0.9834515825024862, 0.18112769832420858], [-0.25162275968114906, 0.17431944130162755, -0.951997226463781]], "t": [[-0.5087424713165271], [0.15777761763525613], [0.7041110635085219]], "name": "ervilhamigalhas"}, {"R": [[0.046538935471420614, 0.2405429392242918, -0.9695221616211387], [-0.03298825681254547, 0.9704145011984873, 0.23918083279427094], [0.9983716253969045, 0.020851624709598903, 0.05309715010538304]], "t": [[0.8266046849447082], [-0.36145077258775077], [0.11881382203762711]], "name": "quim"}]}