{"cameras": [{"R": [[0.9999999999999998, 6.767849688074571e-17, -8.208044883471782e-17], [6.767849688074571e-17, 1.0000000000000002, 2.3368637848854948e-17], [-8.208044883471782e-17, 2.3368637848854948e-17, 0.9999999999999999]], "t": [[-0.4945691626108894], [0.0065227399168984145], [-0.8267782046420441]], "name": "abretesesamo"}, {"R": [[-0.7129464026644464, 0.04157336497911514, -0.6999850585920657], [0.22495137631177037, 0.9590404817014284, -0.1721575811671747], [0.6641568378201529, -0.28020173051250996, -0.6930964471085749]], "t": [[0.4945691626108894], [-0.0065227399168985446], [0.8267782046420445]], "name": "ervilhamigalhas"}]}