{"cameras": [{"R": [[1.0000000000000002, -1.922668985611993e-16, 1.0150165631377309e-16], [-1.922668985611993e-16, 0.9999999999999994, 7.223480466999614e-17], [1.0150165631377309e-16, 7.223480466999614e-17, 0.9999999999999999]], "t": [[-0.29380134821047865], [-0.028761516129322137], [-0.07484099731224667]], "name": "broken"}, {"R": [[0.7493911740819988, 0.013808803625605092, -0.6619835233224715], [0.06732574759790215, 0.9930115546943924, 0.09692933484662447], [0.6586957658269769, -0.1172065236488777, 0.7432244068218951]], "t": [[0.29380134821047865], [0.028761516129322148], [0.07484099731224665]], "name": "quim"}]}