{"cameras": [{"R": [[0.9999999999999994, -3.655482057180348e-16, 5.368787939583223e-17], [-3.655482057180348e-16, 0.9999999999999983, -2.803773086995796e-16], [5.368787939583223e-17, -2.803773086995796e-16, 0.9999999999999996]], "t": [[-0.056448163706294574], [0.0058781750018984825], [-1.0087981007473525]], "name": "abretesesamo"}, {"R": [[-0.7098536875381253, 0.040717484586297155, -0.7031712655800783], [0.22607227907700392, 0.9586778802841679, -0.17270798037954493], [0.667082503834011, -0.28156492733083216, -0.6897261230196582]], "t": [[0.931633228536523], [-0.004560744336499546], [0.6378212666874491]], "name": "ervilhamigalhas"}, {"R": [[-0.5419687393374865, 0.04276565365617645, 0.8393098262550575], [-0.05925195492151499, 0.9942746091815402, -0.08892247958122039], [-0.8383072774459931, -0.09792395214784726, -0.5363318079107676]], "t": [[-0.8751850648302284], [-0.0013174306653989712], [0.3709768340599035]], "name": "fernando"}]}