{"cameras": [{"R": [[1.0000000000000013, -2.365013535486786e-16, 3.409802503941069e-17], [-2.365013535486786e-16, 1.0000000000000013, 4.150912133754273e-16], [3.409802503941069e-17, 4.150912133754273e-16, 1.0000000000000007]], "t": [[0.21807854064652876], [0.06992984818098923], [-1.2161622952931175]], "name": "abretesesamo"}, {"R": [[0.45575968058252, 0.3951617075131265, 0.7975777946198294], [0.774471759452812, -0.6177034195317687, -0.13651365978841476], [0.4387215601784185, 0.6799188998800308, -0.5875658960665974]], "t": [[-1.5882018744609665], [-0.07903763893775803], [1.016623148892871]], "name": "quim"}, {"R": [[0.16051165361451125, 0.20147130655960763, -0.9662532389012215], [-0.4283837510660989, -0.8677204262703704, -0.2520885234510024], [-0.8892262765328491, 0.4543903327166327, -0.052972206459553375]], "t": [[1.370123333814438], [0.009107790756768883], [0.19953914640024611]], "name": "ervilhamigalhas"}]}