{"cameras": [{"R": [[1.0, -1.236187489410828e-16, 3.150629642644518e-17], [-1.236187489410828e-16, 0.9999999999999997, -2.371362087408726e-16], [3.150629642644518e-17, -2.371362087408726e-16, 0.9999999999999999]], "t": [[-0.48534666554424183], [-0.005440223960431558], [-0.8296163261330864]], "name": "abretesesamo"}, {"R": [[-0.7188402840133945, 0.036095167928839454, -0.6942375565551975], [0.2225781163377425, 0.9580305671672538, -0.1806555133416411], [0.6585800089640472, -0.28438454814806396, -0.6967049594825179]], "t": [[0.48534666554424183], [0.005440223960431428], [0.8296163261330864]], "name": "ervilhamigalhas"}]}