{"cameras": [{"R": [[1.0000000000000004, -2.7314587833672116e-16, -1.9410752376546415e-16], [-2.7314587833672116e-16, 0.9999999999999999, 4.6803186927105714e-17], [-1.9410752376546415e-16, 4.6803186927105714e-17, 0.9999999999999996]], "t": [[0.002739551966872693], [-0.1729751317350932], [-0.0696159434888191]], "name": "abretesesamo"}, {"R": [[-0.7165606534229781, -0.10467832461616036, 0.6896254623500996], [0.11749847960725662, 0.9564327822998578, 0.2672647381008891], [-0.687557224713709, 0.2725413386950825, -0.6730425554497088]], "t": [[0.055065545519908374], [0.15548490188857728], [0.04823976930878]], "name": "ervilhamigalhas"}, {"R": [[-0.5509112547304271, 0.20230167962155501, -0.8096732796836292], [-0.15301638807832052, 0.9292438722914965, 0.33629125886375544], [0.8204162202143563, 0.3091599201562232, -0.4809754353168006]], "t": [[-0.05780509748678121], [0.01749022984651586], [0.021376174180039082]], "name": "fernando"}]}