{"cameras": [{"R": [[0.9999999999999999, -1.2434075860398444e-16, -1.1602077102924139e-16], [-1.2434075860398444e-16, 1.0000000000000002, 2.297112103749043e-16], [-1.1602077102924139e-16, 2.297112103749043e-16, 0.9999999999999994]], "t": [[-0.031975499750613645], [-0.011973601612482237], [-1.0020086894839102]], "name": "abretesesamo"}, {"R": [[-0.691345568123335, 0.04250816184225295, -0.7212727373282707], [0.23840203661350298, 0.9557813908213458, -0.17218130530969053], [0.6820599492528189, -0.29098967187240066, -0.6709092609949839]], "t": [[0.9424191210251878], [0.006590684035619556], [0.6305932115506487]], "name": "ervilhamigalhas"}, {"R": [[-0.5353870180226148, 0.02424802318593237, 0.8442587128981416], [-0.0660626265981755, 0.9953231849472395, -0.07048040063332404], [-0.8420192814299455, -0.09350823962656037, -0.5312812238561978]], "t": [[-0.9104436212745742], [0.005382917576862383], [0.3714154779332611]], "name": "fernando"}]}