{"cameras": [{"R": [[1.0, 1.3183921138613723e-17, -2.6697387675626127e-16], [1.3183921138613723e-17, 0.9999999999999998, -3.578506821555141e-18], [-2.6697387675626127e-16, -3.578506821555141e-18, 0.9999999999999997]], "t": [[-0.1326951254276424], [-0.023275172375867827], [0.007303548722534862]], "name": "broken"}, {"R": [[0.9994022045853734, -0.004605891694160287, 0.03426396403799298], [0.0030066989676018957, 0.998910099310059, 0.046578678144467665], [-0.03444115606673872, -0.046447812198954566, 0.9983268039628691]], "t": [[0.1326951254276424], [0.023275172375867834], [-0.00730354872253486]], "name": "quim"}]}