{"cameras": [{"R": [[1.0000000000000002, -1.3463650920896538e-16, -2.620800696735097e-16], [-1.3463650920896538e-16, 1.0000000000000007, 4.354790331337304e-17], [-2.620800696735097e-16, 4.354790331337304e-17, 0.9999999999999996]], "t": [[-0.012344633251382242], [0.020164181589717438], [-0.8911867883495626]], "name": "abretesesamo"}, {"R": [[-0.5952433336559988, 0.142545952130129, -0.7908008758653526], [0.13836828083095046, 0.9876219024328379, 0.07387284138863356], [0.7915425399799942, -0.06544944129828784, -0.6075991919314583]], "t": [[0.9095039530655662], [0.03236818034811929], [0.8148129769280182]], "name": "quim"}, {"R": [[0.044577722726482076, -0.18493200876149324, 0.9817397714119358], [-0.21690336694876822, 0.9574823826700668, 0.1902115040757003], [-0.9751747310317307, -0.22142185757483637, 0.0025700088131904446]], "t": [[-0.8971593198141838], [-0.05253236193783699], [0.07637381142154426]], "name": "fernando"}]}