{"cameras": [{"R": [[0.9999999999999999, -1.029076283722302e-16, 1.5487968117801336e-16], [-1.029076283722302e-16, 1.0000000000000002, -2.752640040942264e-18], [1.5487968117801336e-16, -2.752640040942264e-18, 1.0]], "t": [[-0.00843124137566073], [0.0016729378750754405], [-0.6960412494671255]], "name": "abretesesamo"}, {"R": [[-0.7145052557087225, 0.05001135511018948, -0.6978403140580629], [0.24662360015106755, 0.9514198313986115, -0.18432879392532334], [0.654720581174244, -0.3038077826216446, -0.6921284503655227]], "t": [[0.6159995076974961], [-0.017749830364420953], [0.3752708048985889]], "name": "ervilhamigalhas"}, {"R": [[-0.5420534693780447, 0.03227287914064629, 0.8397240603955552], [-0.07786737820539445, 0.9930341887278705, -0.08842947149563876], [-0.8367285747162234, -0.11332061281846811, -0.5357646227251325]], "t": [[-0.6075682663218354], [0.016076892489345445], [0.3207704445685367]], "name": "fernando"}]}