{"cameras": [{"R": [[0.999999999999999, 3.7002898221799885e-16, -4.76624479322784e-16], [3.7002898221799885e-16, 1.0000000000000004, 1.8659776744969838e-16], [-4.76624479322784e-16, 1.8659776744969838e-16, 0.9999999999999998]], "t": [[-0.05594031759067286], [-0.013578522597982479], [-0.9940370485962817]], "name": "abretesesamo"}, {"R": [[-0.6896449423541273, 0.0384308494854616, -0.7231271833455001], [0.23596389597850773, 0.9560150416548712, -0.17423053671580918], [0.684624636775522, -0.29078911591987155, -0.6683792312621057]], "t": [[0.939566531440909], [0.012907135170977713], [0.600639575594482]], "name": "ervilhamigalhas"}, {"R": [[-0.5711537735861677, 0.01779625447626966, 0.8206501448515657], [-0.06817698902042206, 0.995282050786429, -0.06903287296983548], [-0.8180068857206455, -0.09537784181336902, -0.5672458040432161]], "t": [[-0.883626213850236], [0.0006713874270053126], [0.3933974730018006]], "name": "fernando"}]}