{"cameras": [{"R": [[1.0, 7.499808047304491e-18, 1.0314629901151332e-16], [7.499808047304491e-18, 1.0, 1.2979764311713561e-16], [1.0314629901151332e-16, 1.2979764311713561e-16, 1.0000000000000002]], "t": [[-0.5099769121363732], [0.0051681440585865535], [-0.83926792130478]], "name": "abretesesamo"}, {"R": [[-0.7193634898660279, 0.04686836573914987, -0.6930508825048204], [0.2243800801792884, 0.9599140926415085, -0.16798367291783356], [0.6573961888134924, -0.2763481337754441, -0.7010434793165996]], "t": [[0.5099769121363732], [-0.005168144058586685], [0.8392679213047805]], "name": "ervilhamigalhas"}]}