{"cameras": [{"R": [[0.9999999999999996, -5.957614211230768e-17, 2.418643305120462e-16], [-5.957614211230768e-17, 0.9999999999999999, 1.7478762541755737e-16], [2.418643305120462e-16, 1.7478762541755737e-16, 0.9999999999999991]], "t": [[0.1766647177117146], [0.07005623705443263], [-1.2676126518524702]], "name": "abretesesamo"}, {"R": [[0.450586775775515, 0.375565418858163, 0.8098902232118358], [0.7777136057080343, -0.6105707757347095, -0.14954890609871457], [0.4383299042876644, 0.6972474051415366, -0.567197453300488]], "t": [[-1.6024986027301118], [-0.011176830890880287], [1.0282377892027112]], "name": "quim"}, {"R": [[0.14655630014241897, 0.16914393609124884, -0.9746340748055778], [-0.4664521491831793, -0.8570388003043826, -0.21887642014437703], [-0.8723208374279259, 0.4866978771849987, -0.046706883140042815]], "t": [[1.4258338850183978], [-0.05887940616355175], [0.23937486264975874]], "name": "ervilhamigalhas"}]}