{"cameras": [{"R": [[0.9999999999999997, 7.387526623098514e-17, -4.584451804183802e-17], [7.387526623098514e-17, 0.9999999999999999, 1.2197065556022413e-17], [-4.584451804183802e-17, 1.2197065556022413e-17, 0.9999999999999999]], "t": [[-0.491688638199868], [0.005464444106304902], [-0.8343486156368368]], "name": "abretesesamo"}, {"R": [[-0.7190819103631677, 0.04441225787963666, -0.6935046917927014], [0.22274723921658446, 0.9600310495377234, -0.16948171389529532], [0.6582589715376819, -0.2763474900800253, -0.7002336689396071]], "t": [[0.49168863819986797], [-0.005464444106305033], [0.8343486156368368]], "name": "ervilhamigalhas"}]}