{"cameras": [{"R": [[0.9999999999999996, 1.9219537447949039e-16, -9.317773449569868e-18], [1.9219537447949039e-16, 1.0, 3.4362905313697964e-16], [-9.317773449569868e-18, 3.4362905313697964e-16, 0.9999999999999997]], "t": [[-0.04524621407728063], [-0.012994460583254985], [-1.0058745204163744]], "name": "abretesesamo"}, {"R": [[-0.6886797208264029, 0.04195412708316417, -0.7238508778354535], [0.23915822860666627, 0.9555977908003909, -0.17215168865606123], [0.6844878259050257, -0.291672270601957, -0.6681344945066897]], "t": [[0.9480498428069131], [-0.00731220122758516], [0.6302755222607844]], "name": "ervilhamigalhas"}, {"R": [[-0.5566689368356454, 0.02625341277237948, 0.830319488558516], [-0.05992172691058343, 0.9956280328502767, -0.0716533798696309], [-0.8285705047890166, -0.08964138843464582, -0.5526620486999114]], "t": [[-0.9028036287296324], [0.020306661810834164], [0.37559899815559417]], "name": "fernando"}]}