{"cameras": [{"R": [[0.9999999999999999, -7.961454456543192e-17, -3.8809446504035373e-16], [-7.961454456543192e-17, 1.000000000000001, -7.794503232419605e-17], [-3.8809446504035373e-16, -7.794503232419605e-17, 1.0000000000000004]], "t": [[-0.06583469712550588], [-0.005402610853112436], [-0.9957826212916385]], "name": "abretesesamo"}, {"R": [[-0.6795208842594508, 0.040241702711404634, -0.7325516863799721], [0.23483984987785098, 0.957889828471501, -0.1652190104684941], [0.6950551149114746, -0.2843020961472617, -0.660356498689663]], "t": [[0.94405550672698], [-0.012678198283855175], [0.5971593283507264]], "name": "ervilhamigalhas"}, {"R": [[-0.5834223959848769, 0.019970198622749468, 0.811923333221945], [-0.06425794092295625, 0.9954287728488402, -0.0706574498053434], [-0.8096228905432499, -0.09339566023975991, -0.5794721958444361]], "t": [[-0.8782208096014743], [0.0180808091369678], [0.3986232929409118]], "name": "fernando"}]}