{"cameras": [{"R": [[1.0, 5.03963257241177e-17, 2.5151400194028592e-17], [5.03963257241177e-17, 1.0, -1.2749986222069554e-17], [2.5151400194028592e-17, -1.2749986222069554e-17, 0.9999999999999999]], "t": [[0.37782948228450697], [-0.01721914873492341], [-0.6729089250781601]], "name": "abretesesamo"}, {"R": [[-0.5658622069265198, 0.07640235254862981, 0.8209522783312581], [-0.0710825620542986, 0.9874694520193686, -0.14089482141074003], [-0.8214299922355194, -0.13808244585609838, -0.5533407684260689]], "t": [[-0.37782948228450697], [0.01721914873492341], [0.6729089250781601]], "name": "fernando"}]}