{"cameras": [{"R": [[1.0, -1.8761290116016395e-16, -3.7944862305451604e-17], [-1.8761290116016395e-16, 0.9999999999999988, -1.4009840084141703e-16], [-3.7944862305451604e-17, -1.4009840084141703e-16, 1.0000000000000007]], "t": [[0.1366457310150872], [0.05169909700445519], [-1.2373541790461948]], "name": "abretesesamo"}, {"R": [[0.49848286200817143, 0.4213301344775469, 0.757625074865711], [0.760922713946675, -0.6313770481304745, -0.1495314230992092], [0.41534498875533393, 0.6510329798675191, -0.6353303073525225]], "t": [[-1.6139902044159036], [-0.03661697969822276], [1.1386032649093634]], "name": "quim"}, {"R": [[0.10223823727931886, 0.21841139332315712, -0.9704863760530873], [-0.4217744447548642, -0.8740467595252192, -0.24114016653222192], [-0.9009182319110562, 0.4339800979654477, 0.0027593441534519885]], "t": [[1.4773444734008168], [-0.01508211730623207], [0.09875091413683154]], "name": "ervilhamigalhas"}]}