{"cameras": [{"R": [[0.9999999999999997, -6.368594632877086e-17, -7.410673298435147e-17], [-6.368594632877086e-17, 0.9999999999999996, -2.346477592291259e-16], [-7.410673298435147e-17, -2.346477592291259e-16, 0.9999999999999993]], "t": [[-0.06299040741325934], [0.025467503128878445], [-0.7095968375169579]], "name": "abretesesamo"}, {"R": [[-0.7080555779489551, 0.011644772759772933, -0.7060606898863188], [0.24101495838088677, 0.943809828921738, -0.2261300437079924], [0.6637537859568338, -0.3302838265766167, -0.6710763783131368]], "t": [[0.668867251836432], [-0.04383109041956775], [0.48605835166912587]], "name": "ervilhamigalhas"}, {"R": [[-0.5720569517568128, 0.04943900788284145, 0.8187225588966409], [-0.07717633774300349, 0.9905088145161891, -0.11373698280819251], [-0.8165749548199978, -0.1282500404104953, -0.5628119315503404]], "t": [[-0.6058768444231726], [0.018363587290689314], [0.22353848584783229]], "name": "fernando"}]}