{"cameras": [{"R": [[0.9999999999999996, -6.872221318699347e-17, 2.1716167352935749e-16], [-6.872221318699347e-17, 0.9999999999999996, -1.940912474423253e-16], [2.1716167352935749e-16, -1.940912474423253e-16, 1.0000000000000002]], "t": [[-0.015384486359745597], [0.02916192387870116], [-0.9040495175003473]], "name": "abretesesamo"}, {"R": [[-0.5922113413799615, 0.14185560843858153, -0.7931977770363868], [0.13403155949765896, 0.9880101012502339, 0.07662624149811724], [0.7945572781112583, -0.06093460578375786, -0.6041239157808659]], "t": [[0.9375584571330959], [0.03896411839193206], [0.8601246261226518]], "name": "quim"}, {"R": [[0.09028143759249604, -0.1932076654290944, 0.9769954247823635], [-0.21684565451154034, 0.9536517886138757, 0.2086294039511606], [-0.9720222343885421, -0.23069257485448877, 0.04420081177209737]], "t": [[-0.9221739707733496], [-0.06812604227063354], [0.0439248913776952]], "name": "fernando"}]}