{"cameras": [{"R": [[1.0, 1.84918660369454e-16, 4.4063653982235366e-17], [1.84918660369454e-16, 1.0000000000000002, -6.880715407610881e-17], [4.4063653982235366e-17, -6.880715407610881e-17, 1.0]], "t": [[0.14285640909189734], [-0.004766506073163882], [0.010207356930402173]], "name": "broken"}, {"R": [[0.999600626927095, 0.027830764325437136, 0.0049025711642502025], [-0.028201210919184108, 0.9935358991330376, 0.10995957819398258], [-0.0018106213436954858, -0.11005392174279345, 0.9939239689027429]], "t": [[-0.14285640909189729], [0.004766506073163885], [-0.01020735693040218]], "name": "jotaro"}]}