{"cameras": [{"R": [[1.0000000000000004, -1.771787094048171e-17, 2.4093956049351257e-17], [-1.771787094048171e-17, 1.0000000000000004, 3.44735193019215e-16], [2.4093956049351257e-17, 3.44735193019215e-16, 1.0000000000000004]], "t": [[-0.3399538241384417], [0.20564646409321705], [-0.8009107537604251]], "name": "fernando"}, {"R": [[-0.9844314600675814, -0.03395587893633478, 0.17245781720429917], [-2.4176595896697278e-06, 0.9811650018775258, 0.19317152762462161], [-0.1757688835470187, 0.19016371203869625, -0.9658897774592604]], "t": [[-0.47166866491208403], [0.13981912301468005], [0.7393590786342744]], "name": "ervilhamigalhas"}, {"R": [[0.08657758126589384, 0.2275670121342472, -0.9699059631791324], [-0.03973998498298451, 0.9735755858250723, 0.22488066230541123], [0.9954521867049672, 0.0190744245957713, 0.09333332904509793]], "t": [[0.8116224890505258], [-0.34546558710789704], [0.06155167512615001]], "name": "quim"}]}