{"cameras": [{"R": [[1.0000000000000002, -6.918101614544667e-17, -1.7714389157749284e-16], [-6.918101614544667e-17, 1.0000000000000004, 1.691806362813913e-16], [-1.7714389157749284e-16, 1.691806362813913e-16, 1.0]], "t": [[-0.48986170850411537], [0.007597300075155599], [-0.8354021306279282]], "name": "abretesesamo"}, {"R": [[-0.7205334980536647, 0.04626622011008812, -0.6918749273237721], [0.22291960904272404, 0.960261976401226, -0.16793982428909085], [0.6566112442585713, -0.27523875736301445, -0.7022145686031259]], "t": [[0.48986170850411537], [-0.00759730007515573], [0.8354021306279282]], "name": "ervilhamigalhas"}]}