{"cameras": [{"R": [[1.0000000000000004, 1.5665914760355808e-16, -1.6519885600816851e-16], [1.5665914760355808e-16, 1.0000000000000007, -6.528577094347226e-17], [-1.6519885600816851e-16, -6.528577094347226e-17, 1.0]], "t": [[0.36899392960706606], [0.00472500272544456], [-0.645297037268305]], "name": "abretesesamo"}, {"R": [[-0.5575019476631464, 0.05278918493164035, 0.8284955523755402], [-0.08003289086156481, 0.9899102865740597, -0.11692887117903836], [-0.8263088494819224, -0.13149496754293077, -0.5476520417005167]], "t": [[-0.36899392960706606], [-0.004725002725444662], [0.645297037268305]], "name": "fernando"}]}