{"cameras": [{"R": [[1.0, 8.060740563150812e-17, 5.58263826975795e-17], [8.060740563150812e-17, 0.9999999999999998, -2.662636629189119e-17], [5.58263826975795e-17, -2.662636629189119e-17, 1.0]], "t": [[0.14829898895632704], [-0.010831877282291055], [-0.008573203437548603]], "name": "broken"}, {"R": [[0.9990570708723219, 0.03431117973492438, 0.02660285859102146], [-0.03679808312975398, 0.9943619017518094, 0.0994500348039189], [-0.023040621041800755, -0.10033519467127543, 0.99468687459536]], "t": [[-0.14829898895632704], [0.010831877282291055], [0.0085732034375486]], "name": "jotaro"}]}