{"cameras": [{"R": [[0.9999999999999993, 8.995798733491048e-17, 5.600775724838423e-16], [8.995798733491048e-17, 0.9999999999999993, -1.3830235987877815e-16], [5.600775724838423e-16, -1.3830235987877815e-16, 0.9999999999999996]], "t": [[0.18650389017827404], [0.24962228427825023], [-0.9003506664383832]], "name": "ervilhamigalhas"}, {"R": [[-0.9561876935966774, -0.06282339773463412, -0.2859341100871705], [-0.11763163630121011, 0.9768380583432456, 0.1787462053116019], [0.268081876961808, 0.20454981903994277, -0.9414305490982116]], "t": [[0.586937290787843], [0.17416897173038212], [0.7462017554566961]], "name": "abretesesamo"}, {"R": [[-0.2597999827384502, -0.32672283633282134, 0.9087112617260428], [0.04371033445845682, 0.9360803912094646, 0.3490600347428289], [-0.964672677974571, 0.1304058641770811, -0.2289125050266968]], "t": [[-0.773441180966117], [-0.4237912560086327], [0.1541489109816862]], "name": "quim"}]}