{"cameras": [{"R": [[1.0000000000000004, -2.404038003496169e-16, -4.90293566779189e-17], [-2.404038003496169e-16, 0.9999999999999998, 1.8641061907240643e-16], [-4.90293566779189e-17, 1.8641061907240643e-16, 1.0]], "t": [[-0.06398789594100418], [-0.059140333527081694], [-0.974813584926609]], "name": "abretesesamo"}, {"R": [[-0.7041857700076909, 0.037225838491245014, -0.7090392360562985], [0.27152542282274417, 0.9368361551085674, -0.220481208365534], [0.6560459938751286, -0.34778190785321195, -0.6698144507924374]], "t": [[0.8898233294954164], [0.008500843168549954], [0.6152756252788536]], "name": "ervilhamigalhas"}, {"R": [[-0.566583903320687, 0.057948075234376395, 0.821963929302573], [-0.0905711546624371, 0.9871004245924023, -0.13202127749954448], [-0.8190113225352907, -0.1492473528948834, -0.5540267874506279]], "t": [[-0.8258354335544124], [0.05063949035853095], [0.35953795964775476]], "name": "fernando"}]}