{"cameras": [{"R": [[0.9999999999999997, 1.408316356299608e-16, -8.763750336263155e-17], [1.408316356299608e-16, 0.9999999999999992, 8.450769372446355e-17], [-8.763750336263155e-17, 8.450769372446355e-17, 0.9999999999999992]], "t": [[-0.05577229267929534], [-0.02668073953464102], [-1.0217644438534497]], "name": "abretesesamo"}, {"R": [[-0.6935239546324017, 0.025001034785319197, -0.7199996337573357], [0.23502174092616454, 0.9525748579016021, -0.193302667818571], [0.6810207820933727, -0.303275598018379, -0.6665092692555186]], "t": [[0.9414541859760467], [0.010722286003348581], [0.601259248242966]], "name": "ervilhamigalhas"}, {"R": [[-0.5961209160911959, 0.025356745783211475, 0.8024941674815331], [-0.06389658656285685, 0.9948327539394141, -0.07889878272150978], [-0.8003480990320452, -0.09830985267309805, -0.5914204031340015]], "t": [[-0.8856818932967512], [0.015958453531292063], [0.4205051956104836]], "name": "fernando"}]}