{"cameras": [{"R": [[0.9999999999999981, -7.477174443252244e-16, 1.840390947998807e-16], [-7.477174443252244e-16, 0.9999999999999991, 2.0651645454236835e-16], [1.840390947998807e-16, 2.0651645454236835e-16, 0.9999999999999993]], "t": [[-0.02448983255194229], [-0.18033735544548626], [-0.11476077582825704]], "name": "abretesesamo"}, {"R": [[-0.7249571516734146, -0.14791124272508924, 0.672725347012499], [0.14118079701807992, 0.9240265194844235, 0.3553068727773803], [-0.6741699420701789, 0.3525581591241676, -0.648997406500264]], "t": [[0.025719260549452973], [0.18427258169743121], [0.09326730252106838]], "name": "ervilhamigalhas"}, {"R": [[-0.5604202096754719, 0.13351331110284656, -0.817375913729816], [-0.2522476187808996, 0.9125157923812681, 0.3220032103475854], [0.7888601443897797, 0.38663823454637786, -0.4777138768972437]], "t": [[-0.001229427997510622], [-0.0039352262519448955], [0.021493473307188697]], "name": "fernando"}]}