{"cameras": [{"R": [[1.0, 1.6362097179225436e-16, -2.285137446912694e-16], [1.6362097179225436e-16, 1.0000000000000002, -2.0069284490565055e-16], [-2.285137446912694e-16, -2.0069284490565055e-16, 1.0]], "t": [[-0.06528533766278938], [-0.03268306736754439], [-0.9559213462450016]], "name": "abretesesamo"}, {"R": [[-0.7000226289656902, 0.00665877604036482, -0.7140896159709982], [0.23667101598394047, 0.9456069697634223, -0.2231911488566855], [0.6737619380234338, -0.32524316969996747, -0.6635222162327535]], "t": [[0.891603633903316], [0.01304777158742165], [0.6065319302507752]], "name": "ervilhamigalhas"}, {"R": [[-0.5609758928087006, 0.032744658917546014, 0.8271842811610092], [-0.08686902490482615, 0.9913723110143388, -0.09815657627573514], [-0.8232616960599864, -0.12692016493238267, -0.5532914706860859]], "t": [[-0.8263182962405264], [0.019635295780122772], [0.3493894159942265]], "name": "fernando"}]}