{
	"axis_max" : 6.0344842552641582,
	"axis_min" : -7.8533046647300413,
	"bounding_polygon" : 
	[
		[ 0.24866664026138591, 0.0, 0.0034752247478962994 ],
		[ 0.13165178430975205, 0.0, 0.13720648056458068 ],
		[ -0.080089383602728104, 0.0, 0.064768716997210041 ],
		[ -0.14416894757624188, 0.0, 0.014619496065953141 ],
		[ -0.063372975609637616, 0.0, -0.16090277719344498 ],
		[ 0.073144356333935123, 0.0, -0.17761918417053063 ],
		[ 0.24866664026138591, 0.0, -0.060604335330931847 ]
	],
	"class_name" : "SelectionPolygonVolume",
	"orthogonal_axis" : "Y",
	"version_major" : 1,
	"version_minor" : 0
}