{"cameras": [{"R": [[1.0, 0.0, 0.0], [0.0, 1.0, 0.0], [0.0, 0.0, 1.0]], "t": [0.0, 0.0, 0.0], "name": "abretesesamo"}, {"R": [[-0.9957414080812659, 0.03031171425964949, 0.08706462089149172], [0.03914716650799062, 0.9940509201890333, 0.10163792316715256], [-0.08346584682810979, 0.10461342193991029, -0.9910042806987713]], "t": [-0.0822422509790952, -0.12240350868150679, 1.6950493814097114], "name": "ervilhamigalhas"}]}