{"cameras": [{"R": [[1.0, 0.0, 0.0], [0.0, 1.0, 0.0], [0.0, 0.0, 1.0]], "t": [0.0, 0.0, 0.0], "name": "ervilhamigalhas"}, {"R": [[-0.21798840213487872, 0.10176387529427601, -0.9706313255916347], [0.5830876372610171, 0.8111108476593727, -0.045912962033163265], [0.7826173163226375, -0.5759716195216437, -0.23615001523939777]], "t": [0.6582533307291216, -0.06, 0.58045739660286], "name": "abretesesamo"}]}