{"markers": [{"R": [[1.0000000000000002, -4.75709471421587e-16, 8.114562157269685e-17], [-4.75709471421587e-16, 1.0, -2.6769842268646594e-16], [8.114562157269685e-17, -2.6769842268646594e-16, 1.0000000000000002]], "t": [[0.00015763313108028702], [0.09777324886860773], [-0.004900457130411713]], "name": "f"}, {"R": [[0.995954753126901, -0.0042092172137079605, 0.08975751898521725], [-0.004531162903228077, 0.9952787367925452, 0.09695207399215296], [-0.08974184245199215, -0.09696658485830785, 0.9912335159457829]], "t": [[-1.7286155733059986e-05], [-0.0014019398314732868], [-0.004438320822259855]], "name": "e"}, {"R": [[0.9971679627485953, 0.0029907111101565727, 0.07514725354178], [-0.008800068267033348, 0.9969849405551217, 0.07709466327052569], [-0.07469011223925523, -0.07753762927350691, 0.9941877605263165]], "t": [[-0.00014034697534719931], [-0.09637130903713446], [0.009338777952671552]], "name": "r"}]}