{
	"class_name" : "PinholeCameraParameters",
	"extrinsic" : 
	[
		1.9762625833649862e-323,
		1.1034378113859328e-312,
		0.0,
		0.0,
		2.3341953705113993e-312,
		0.0,
		0.0,
		2.6312747813848758e-312,
		0.0,
		0.0,
		2.6242328399059144e-316,
		3.1916640721344527e-321,
		0.0,
		7.9050503334599447e-323,
		1.3043333050208909e-321,
		1.3043333050208909e-321
	],
	"intrinsic" : 
	{
		"height" : -1,
		"intrinsic_matrix" : [ 0.0, 0.0, 0.0, 0.0, 0.0, 0.0, 0.0, 0.0, 0.0 ],
		"width" : -1
	},
	"version_major" : 1,
	"version_minor" : 0
}